SiteID,SiteGroup,SiteType,SiteName,MonitoringRegion,UsagePrim,EventDate,Analyte Name,Analyte Type,DetectFrequency,Result,Qualifier,QualifierType,Units,BDLIndicator,ResultStatus,ResultNote
FRU06WP2,Groundwater,(WP) Well - Public Supply,PP-D-002,(FRU) Front Range Urban GW,Public Supply,9/25/06,Al - Aluminum,Inorganic,0%,0.01,0,,mg/L,1,Final,
LA06WD3,Groundwater,(WD) Well - Domestic,PP-D-003,(LA) Lower Arkansas GW,"Domestic, drinking",9/25/06,Al - Aluminum,Inorganic,0%,0.01,0,,mg/L,1,Final,
LA06WD4,Groundwater,(WD) Well - Domestic,PP-D-004,(LA) Lower Arkansas GW,"Domestic, drinking",9/26/06,Al - Aluminum,Inorganic,0%,0.01,0,,mg/L,1,Final,
LSP06WD5,Groundwater,(WD) Well - Domestic,PP-D-005,(LSP) Lower South Platte GW,"Domestic, drinking",9/26/06,Al - Aluminum,Inorganic,0%,0.01,0,,mg/L,1,Final,
LSP06WD6,Groundwater,(WD) Well - Domestic,PP-D-006,(LSP) Lower South Platte GW,"Domestic, drinking",9/26/06,Al - Aluminum,Inorganic,0%,0.01,0,,mg/L,1,Final,
LA06WD7,Groundwater,(WD) Well - Domestic,PP-D-007,(LA) Lower Arkansas GW,"Domestic, drinking",9/26/06,Al - Aluminum,Inorganic,0%,0.01,0,,mg/L,1,Final,
LA06WD8,Groundwater,(WD) Well - Domestic,PP-D-008,(LA) Lower Arkansas GW,"Domestic, drinking",9/26/06,Al - Aluminum,Inorganic,0%,0.01,0,,mg/L,1,Final,
LA06WD10,Groundwater,(WD) Well - Domestic,PP-D-010,(LA) Lower Arkansas GW,"Domestic, drinking",9/26/06,Al - Aluminum,Inorganic,0%,0.01,0,,mg/L,1,Final,
LA06WD11,Groundwater,(WD) Well - Domestic,PP-D-011,(LA) Lower Arkansas GW,"Domestic, drinking",9/26/06,Al - Aluminum,Inorganic,0%,0.01,0,,mg/L,1,Final,
LA06WD12,Groundwater,(WD) Well - Domestic,PP-D-012,(LA) Lower Arkansas GW,"Domestic, drinking",9/27/06,Al - Aluminum,Inorganic,0%,0.01,0,,mg/L,1,Final,
LA06WD13,Groundwater,(WD) Well - Domestic,PP-D-013,(LA) Lower Arkansas GW,"Domestic, drinking",9/27/06,Al - Aluminum,Inorganic,0%,0.01,0,,mg/L,1,Final,
LA06WP14,Groundwater,(WP) Well - Public Supply,PP-D-014,(LA) Lower Arkansas GW,Public Supply,9/27/06,Al - Aluminum,Inorganic,0%,0.01,0,,mg/L,1,Final,
LA06WP15,Groundwater,(WP) Well - Public Supply,PP-D-015,(LA) Lower Arkansas GW,Public Supply,9/27/06,Al - Aluminum,Inorganic,0%,0.01,0,,mg/L,1,Final,
LA06WD16,Groundwater,(WD) Well - Domestic,PP-D-016,(LA) Lower Arkansas GW,"Domestic, drinking",9/27/06,Al - Aluminum,Inorganic,0%,0.01,0,,mg/L,1,Final,
MTN06WD17,Groundwater,(WD) Well - Domestic,PP-D-017,(MTN) Mountainous Area GW,"Domestic, drinking",9/28/06,Al - Aluminum,Inorganic,0%,0.01,0,,mg/L,1,Final,
FRU06WD18,Groundwater,(WD) Well - Domestic,PP-D-018,(FRU) Front Range Urban GW,"Domestic, drinking",9/28/06,Al - Aluminum,Inorganic,0%,0.01,0,,mg/L,1,Final,
FRU06WD19,Groundwater,(WD) Well - Domestic,PP-D-019,(FRU) Front Range Urban GW,"Domestic, drinking",9/28/06,Al - Aluminum,Inorganic,0%,0.01,0,,mg/L,1,Final,
FRU06WP20,Groundwater,(WP) Well - Public Supply,PP-D-020,(FRU) Front Range Urban GW,Public Supply,9/28/06,Al - Aluminum,Inorganic,0%,0.01,0,,mg/L,1,Final,
LA06WD21,Groundwater,(WD) Well - Domestic,PP-D-021,(LA) Lower Arkansas GW,"Domestic, drinking",9/28/06,Al - Aluminum,Inorganic,0%,0.01,0,,mg/L,1,Final,
LA06WD22,Groundwater,(WD) Well - Domestic,PP-D-022,(LA) Lower Arkansas GW,"Domestic, drinking",9/28/06,Al - Aluminum,Inorganic,0%,0.01,0,,mg/L,1,Final,
FRU06WD23,Groundwater,(WD) Well - Domestic,PP-D-023,(FRU) Front Range Urban GW,"Domestic, drinking",9/28/06,Al - Aluminum,Inorganic,0%,0.01,0,,mg/L,1,Final,
FRU06WD24,Groundwater,(WD) Well - Domestic,PP-D-024,(FRU) Front Range Urban GW,"Domestic, drinking",9/29/06,Al - Aluminum,Inorganic,0%,0.01,0,,mg/L,1,Final,
FRU06WD25,Groundwater,(WD) Well - Domestic,PP-D-025,(FRU) Front Range Urban GW,"Domestic, non-drinking",9/29/06,Al - Aluminum,Inorganic,0%,0.01,0,,mg/L,1,Final,
LA06WD26,Groundwater,(WD) Well - Domestic,PP-D-026,(LA) Lower Arkansas GW,"Domestic, drinking",11/7/06,Al - Aluminum,Inorganic,0%,0.01,0,,mg/L,1,Final,
LA06WD27,Groundwater,(WD) Well - Domestic,PP-D-027,(LA) Lower Arkansas GW,Commercial,11/7/06,Al - Aluminum,Inorganic,0%,0.01,0,,mg/L,1,Final,
LA06WD28,Groundwater,(WD) Well - Domestic,PP-D-028,(LA) Lower Arkansas GW,"Domestic, drinking",11/7/06,Al - Aluminum,Inorganic,0%,0.01,0,,mg/L,1,Final,
LA06WD29,Groundwater,(WD) Well - Domestic,PP-D-029,(LA) Lower Arkansas GW,"Domestic, drinking",11/8/06,Al - Aluminum,Inorganic,0%,0.01,0,,mg/L,1,Final,
FRU06WC30,Groundwater,(WC) Well - Commercial,PP-D-030,(FRU) Front Range Urban GW,Commercial,11/8/06,Al - Aluminum,Inorganic,0%,0.01,0,,mg/L,1,Final,
FRU06WD31,Groundwater,(WD) Well - Domestic,PP-D-031,(FRU) Front Range Urban GW,"Domestic, drinking",11/8/06,Al - Aluminum,Inorganic,0%,0.01,0,,mg/L,1,Final,
FRU06WR32,Groundwater,(WR) Well - Recreation,PP-D-032,(FRU) Front Range Urban GW,Recreation,11/8/06,Al - Aluminum,Inorganic,0%,0.01,0,,mg/L,1,Final,
LA06WD33,Groundwater,(WD) Well - Domestic,PP-D-033,(LA) Lower Arkansas GW,"Domestic, non-drinking",11/8/06,Al - Aluminum,Inorganic,0%,0.01,0,,mg/L,1,Final,
LA06WD34,Groundwater,(WD) Well - Domestic,PP-D-034,(LA) Lower Arkansas GW,"Domestic, drinking",11/9/06,Al - Aluminum,Inorganic,0%,0.01,0,,mg/L,1,Final,
LA06WD35,Groundwater,(WD) Well - Domestic,PP-D-035,(LA) Lower Arkansas GW,"Domestic, drinking",11/9/06,Al - Aluminum,Inorganic,0%,0.01,0,,mg/L,1,Final,
LA06WD36,Groundwater,(WD) Well - Domestic,PP-D-036,(LA) Lower Arkansas GW,"Domestic, non-drinking",11/9/06,Al - Aluminum,Inorganic,0%,0.01,0,,mg/L,1,Final,
LA06WD37,Groundwater,(WD) Well - Domestic,PP-D-037,(LA) Lower Arkansas GW,"Domestic, drinking",11/9/06,Al - Aluminum,Inorganic,0%,0.01,0,,mg/L,1,Final,
LA06WD38,Groundwater,(WD) Well - Domestic,PP-D-038,(LA) Lower Arkansas GW,"Domestic, drinking",11/30/06,Al - Aluminum,Inorganic,0%,0.01,0,,mg/L,1,Final,
LA06WD39,Groundwater,(WD) Well - Domestic,PP-D-039,(LA) Lower Arkansas GW,"Domestic, drinking",11/30/06,Al - Aluminum,Inorganic,0%,0.01,0,,mg/L,1,Final,
LA06WD40,Groundwater,(WD) Well - Domestic,PP-D-040,(LA) Lower Arkansas GW,"Domestic, drinking",11/30/06,Al - Aluminum,Inorganic,0%,0.01,0,,mg/L,1,Final,
LA06WD41,Groundwater,(WD) Well - Domestic,PP-D-041,(LA) Lower Arkansas GW,"Domestic, drinking",11/30/06,Al - Aluminum,Inorganic,0%,0.01,0,,mg/L,1,Final,
LA06WL42,Groundwater,(WL) Well - Livestock,PP-D-042,(LA) Lower Arkansas GW,Livestock,12/1/06,Al - Aluminum,Inorganic,0%,0.01,0,,mg/L,1,Final,
LA06WL43,Groundwater,(WL) Well - Livestock,PP-D-043,(LA) Lower Arkansas GW,Livestock,12/1/06,Al - Aluminum,Inorganic,0%,0.01,0,,mg/L,1,Final,
LA06WL44,Groundwater,(WL) Well - Livestock,PP-D-044,(LA) Lower Arkansas GW,Livestock,12/1/06,Al - Aluminum,Inorganic,0%,0.01,0,,mg/L,1,Final,
FRU06WD45,Groundwater,(WD) Well - Domestic,PP-D-045,(FRU) Front Range Urban GW,"Domestic, drinking",12/1/06,Al - Aluminum,Inorganic,0%,0.01,0,,mg/L,1,Final,
LA06WD46,Groundwater,(WD) Well - Domestic,PP-D-046,(LA) Lower Arkansas GW,Livestock,12/4/06,Al - Aluminum,Inorganic,0%,0.01,0,,mg/L,1,Final,
LA06WD47,Groundwater,(WD) Well - Domestic,PP-D-047,(LA) Lower Arkansas GW,"Domestic, non-drinking",12/4/06,Al - Aluminum,Inorganic,0%,0.01,0,,mg/L,1,Final,
LA06WD48,Groundwater,(WD) Well - Domestic,PP-D-048,(LA) Lower Arkansas GW,Livestock,12/4/06,Al - Aluminum,Inorganic,0%,0.01,0,,mg/L,1,Final,
LA06WD49,Groundwater,(WD) Well - Domestic,PP-D-049,(LA) Lower Arkansas GW,Commercial,12/7/06,Al - Aluminum,Inorganic,0%,0.01,0,,mg/L,1,Final,
LA06CI9,Groundwater,(CI) Well - Crop Irrigation,PP-I-009,(LA) Lower Arkansas GW,"Irrigation, Crop",9/26/06,Al - Aluminum,Inorganic,0%,0.01,0,,mg/L,1,Final,
LA06WD3,Groundwater,(WD) Well - Domestic,PP-D-003,(LA) Lower Arkansas GW,"Domestic, drinking",9/25/06,Ba - Barium,Inorganic,0%,10,0,,ug/L,1,Final,
LA06WD4,Groundwater,(WD) Well - Domestic,PP-D-004,(LA) Lower Arkansas GW,"Domestic, drinking",9/26/06,Ba - Barium,Inorganic,0%,10,0,,ug/L,1,Final,
LSP06WD5,Groundwater,(WD) Well - Domestic,PP-D-005,(LSP) Lower South Platte GW,"Domestic, drinking",9/26/06,Ba - Barium,Inorganic,0%,10,0,,ug/L,1,Final,
LA06WD8,Groundwater,(WD) Well - Domestic,PP-D-008,(LA) Lower Arkansas GW,"Domestic, drinking",9/26/06,Ba - Barium,Inorganic,0%,10,0,,ug/L,1,Final,
LA06WD10,Groundwater,(WD) Well - Domestic,PP-D-010,(LA) Lower Arkansas GW,"Domestic, drinking",9/26/06,Ba - Barium,Inorganic,0%,10,0,,ug/L,1,Final,
LA06WD11,Groundwater,(WD) Well - Domestic,PP-D-011,(LA) Lower Arkansas GW,"Domestic, drinking",9/26/06,Ba - Barium,Inorganic,0%,10,0,,ug/L,1,Final,
LA06WD12,Groundwater,(WD) Well - Domestic,PP-D-012,(LA) Lower Arkansas GW,"Domestic, drinking",9/27/06,Ba - Barium,Inorganic,0%,10,0,,ug/L,1,Final,
LA06WP14,Groundwater,(WP) Well - Public Supply,PP-D-014,(LA) Lower Arkansas GW,Public Supply,9/27/06,Ba - Barium,Inorganic,0%,10,0,,ug/L,1,Final,
LA06WP15,Groundwater,(WP) Well - Public Supply,PP-D-015,(LA) Lower Arkansas GW,Public Supply,9/27/06,Ba - Barium,Inorganic,0%,10,0,,ug/L,1,Final,
LA06WD16,Groundwater,(WD) Well - Domestic,PP-D-016,(LA) Lower Arkansas GW,"Domestic, drinking",9/27/06,Ba - Barium,Inorganic,0%,10,0,,ug/L,1,Final,
MTN06WD17,Groundwater,(WD) Well - Domestic,PP-D-017,(MTN) Mountainous Area GW,"Domestic, drinking",9/28/06,Ba - Barium,Inorganic,0%,10,0,,ug/L,1,Final,
FRU06WD18,Groundwater,(WD) Well - Domestic,PP-D-018,(FRU) Front Range Urban GW,"Domestic, drinking",9/28/06,Ba - Barium,Inorganic,0%,10,0,,ug/L,1,Final,
FRU06WD19,Groundwater,(WD) Well - Domestic,PP-D-019,(FRU) Front Range Urban GW,"Domestic, drinking",9/28/06,Ba - Barium,Inorganic,0%,10,0,,ug/L,1,Final,
FRU06WP20,Groundwater,(WP) Well - Public Supply,PP-D-020,(FRU) Front Range Urban GW,Public Supply,9/28/06,Ba - Barium,Inorganic,0%,10,0,,ug/L,1,Final,
LA06WD21,Groundwater,(WD) Well - Domestic,PP-D-021,(LA) Lower Arkansas GW,"Domestic, drinking",9/28/06,Ba - Barium,Inorganic,0%,10,0,,ug/L,1,Final,
LA06WD22,Groundwater,(WD) Well - Domestic,PP-D-022,(LA) Lower Arkansas GW,"Domestic, drinking",9/28/06,Ba - Barium,Inorganic,0%,10,0,,ug/L,1,Final,
FRU06WD23,Groundwater,(WD) Well - Domestic,PP-D-023,(FRU) Front Range Urban GW,"Domestic, drinking",9/28/06,Ba - Barium,Inorganic,0%,10,0,,ug/L,1,Final,
FRU06WD24,Groundwater,(WD) Well - Domestic,PP-D-024,(FRU) Front Range Urban GW,"Domestic, drinking",9/29/06,Ba - Barium,Inorganic,0%,10,0,,ug/L,1,Final,
FRU06WD25,Groundwater,(WD) Well - Domestic,PP-D-025,(FRU) Front Range Urban GW,"Domestic, non-drinking",9/29/06,Ba - Barium,Inorganic,0%,10,0,,ug/L,1,Final,
LA06WD26,Groundwater,(WD) Well - Domestic,PP-D-026,(LA) Lower Arkansas GW,"Domestic, drinking",11/7/06,Ba - Barium,Inorganic,0%,10,0,,ug/L,1,Final,
LA06WD29,Groundwater,(WD) Well - Domestic,PP-D-029,(LA) Lower Arkansas GW,"Domestic, drinking",11/8/06,Ba - Barium,Inorganic,0%,10,0,,ug/L,1,Final,
FRU06WC30,Groundwater,(WC) Well - Commercial,PP-D-030,(FRU) Front Range Urban GW,Commercial,11/8/06,Ba - Barium,Inorganic,0%,10,0,,ug/L,1,Final,
LA06WD33,Groundwater,(WD) Well - Domestic,PP-D-033,(LA) Lower Arkansas GW,"Domestic, non-drinking",11/8/06,Ba - Barium,Inorganic,0%,10,0,,ug/L,1,Final,
LA06WD34,Groundwater,(WD) Well - Domestic,PP-D-034,(LA) Lower Arkansas GW,"Domestic, drinking",11/9/06,Ba - Barium,Inorganic,0%,10,0,,ug/L,1,Final,
LA06WD35,Groundwater,(WD) Well - Domestic,PP-D-035,(LA) Lower Arkansas GW,"Domestic, drinking",11/9/06,Ba - Barium,Inorganic,0%,10,0,,ug/L,1,Final,
LA06WD41,Groundwater,(WD) Well - Domestic,PP-D-041,(LA) Lower Arkansas GW,"Domestic, drinking",11/30/06,Ba - Barium,Inorganic,0%,10,0,,ug/L,1,Final,
LA06WL42,Groundwater,(WL) Well - Livestock,PP-D-042,(LA) Lower Arkansas GW,Livestock,12/1/06,Ba - Barium,Inorganic,0%,10,0,,ug/L,1,Final,
LA06WD46,Groundwater,(WD) Well - Domestic,PP-D-046,(LA) Lower Arkansas GW,Livestock,12/4/06,Ba - Barium,Inorganic,0%,10,0,,ug/L,1,Final,
LA06WD48,Groundwater,(WD) Well - Domestic,PP-D-048,(LA) Lower Arkansas GW,Livestock,12/4/06,Ba - Barium,Inorganic,0%,10,0,,ug/L,1,Final,
LA06WD49,Groundwater,(WD) Well - Domestic,PP-D-049,(LA) Lower Arkansas GW,Commercial,12/7/06,Ba - Barium,Inorganic,0%,10,0,,ug/L,1,Final,
FRU06WP2,Groundwater,(WP) Well - Public Supply,PP-D-002,(FRU) Front Range Urban GW,Public Supply,9/25/06,Cd - Cadmium,Inorganic,0%,5,0,,ug/L,1,Final,
LA06WD3,Groundwater,(WD) Well - Domestic,PP-D-003,(LA) Lower Arkansas GW,"Domestic, drinking",9/25/06,Cd - Cadmium,Inorganic,0%,5,0,,ug/L,1,Final,
LA06WD4,Groundwater,(WD) Well - Domestic,PP-D-004,(LA) Lower Arkansas GW,"Domestic, drinking",9/26/06,Cd - Cadmium,Inorganic,0%,5,0,,ug/L,1,Final,
LSP06WD5,Groundwater,(WD) Well - Domestic,PP-D-005,(LSP) Lower South Platte GW,"Domestic, drinking",9/26/06,Cd - Cadmium,Inorganic,0%,5,0,,ug/L,1,Final,
LSP06WD6,Groundwater,(WD) Well - Domestic,PP-D-006,(LSP) Lower South Platte GW,"Domestic, drinking",9/26/06,Cd - Cadmium,Inorganic,0%,5,0,,ug/L,1,Final,
LA06WD7,Groundwater,(WD) Well - Domestic,PP-D-007,(LA) Lower Arkansas GW,"Domestic, drinking",9/26/06,Cd - Cadmium,Inorganic,0%,5,0,,ug/L,1,Final,
LA06WD8,Groundwater,(WD) Well - Domestic,PP-D-008,(LA) Lower Arkansas GW,"Domestic, drinking",9/26/06,Cd - Cadmium,Inorganic,0%,5,0,,ug/L,1,Final,
LA06WD10,Groundwater,(WD) Well - Domestic,PP-D-010,(LA) Lower Arkansas GW,"Domestic, drinking",9/26/06,Cd - Cadmium,Inorganic,0%,5,0,,ug/L,1,Final,
LA06WD11,Groundwater,(WD) Well - Domestic,PP-D-011,(LA) Lower Arkansas GW,"Domestic, drinking",9/26/06,Cd - Cadmium,Inorganic,0%,5,0,,ug/L,1,Final,
LA06WD12,Groundwater,(WD) Well - Domestic,PP-D-012,(LA) Lower Arkansas GW,"Domestic, drinking",9/27/06,Cd - Cadmium,Inorganic,0%,5,0,,ug/L,1,Final,
LA06WD13,Groundwater,(WD) Well - Domestic,PP-D-013,(LA) Lower Arkansas GW,"Domestic, drinking",9/27/06,Cd - Cadmium,Inorganic,0%,5,0,,ug/L,1,Final,
LA06WP14,Groundwater,(WP) Well - Public Supply,PP-D-014,(LA) Lower Arkansas GW,Public Supply,9/27/06,Cd - Cadmium,Inorganic,0%,5,0,,ug/L,1,Final,
LA06WP15,Groundwater,(WP) Well - Public Supply,PP-D-015,(LA) Lower Arkansas GW,Public Supply,9/27/06,Cd - Cadmium,Inorganic,0%,5,0,,ug/L,1,Final,
LA06WD16,Groundwater,(WD) Well - Domestic,PP-D-016,(LA) Lower Arkansas GW,"Domestic, drinking",9/27/06,Cd - Cadmium,Inorganic,0%,5,0,,ug/L,1,Final,
MTN06WD17,Groundwater,(WD) Well - Domestic,PP-D-017,(MTN) Mountainous Area GW,"Domestic, drinking",9/28/06,Cd - Cadmium,Inorganic,0%,5,0,,ug/L,1,Final,
FRU06WD18,Groundwater,(WD) Well - Domestic,PP-D-018,(FRU) Front Range Urban GW,"Domestic, drinking",9/28/06,Cd - Cadmium,Inorganic,0%,5,0,,ug/L,1,Final,
FRU06WD19,Groundwater,(WD) Well - Domestic,PP-D-019,(FRU) Front Range Urban GW,"Domestic, drinking",9/28/06,Cd - Cadmium,Inorganic,0%,5,0,,ug/L,1,Final,
FRU06WP20,Groundwater,(WP) Well - Public Supply,PP-D-020,(FRU) Front Range Urban GW,Public Supply,9/28/06,Cd - Cadmium,Inorganic,0%,5,0,,ug/L,1,Final,
LA06WD21,Groundwater,(WD) Well - Domestic,PP-D-021,(LA) Lower Arkansas GW,"Domestic, drinking",9/28/06,Cd - Cadmium,Inorganic,0%,5,0,,ug/L,1,Final,
LA06WD22,Groundwater,(WD) Well - Domestic,PP-D-022,(LA) Lower Arkansas GW,"Domestic, drinking",9/28/06,Cd - Cadmium,Inorganic,0%,5,0,,ug/L,1,Final,
FRU06WD23,Groundwater,(WD) Well - Domestic,PP-D-023,(FRU) Front Range Urban GW,"Domestic, drinking",9/28/06,Cd - Cadmium,Inorganic,0%,5,0,,ug/L,1,Final,
FRU06WD24,Groundwater,(WD) Well - Domestic,PP-D-024,(FRU) Front Range Urban GW,"Domestic, drinking",9/29/06,Cd - Cadmium,Inorganic,0%,5,0,,ug/L,1,Final,
FRU06WD25,Groundwater,(WD) Well - Domestic,PP-D-025,(FRU) Front Range Urban GW,"Domestic, non-drinking",9/29/06,Cd - Cadmium,Inorganic,0%,5,0,,ug/L,1,Final,
LA06WD26,Groundwater,(WD) Well - Domestic,PP-D-026,(LA) Lower Arkansas GW,"Domestic, drinking",11/7/06,Cd - Cadmium,Inorganic,0%,5,0,,ug/L,1,Final,
LA06WD27,Groundwater,(WD) Well - Domestic,PP-D-027,(LA) Lower Arkansas GW,Commercial,11/7/06,Cd - Cadmium,Inorganic,0%,5,0,,ug/L,1,Final,
LA06WD28,Groundwater,(WD) Well - Domestic,PP-D-028,(LA) Lower Arkansas GW,"Domestic, drinking",11/7/06,Cd - Cadmium,Inorganic,0%,5,0,,ug/L,1,Final,
LA06WD29,Groundwater,(WD) Well - Domestic,PP-D-029,(LA) Lower Arkansas GW,"Domestic, drinking",11/8/06,Cd - Cadmium,Inorganic,0%,5,0,,ug/L,1,Final,
FRU06WC30,Groundwater,(WC) Well - Commercial,PP-D-030,(FRU) Front Range Urban GW,Commercial,11/8/06,Cd - Cadmium,Inorganic,0%,5,0,,ug/L,1,Final,
FRU06WD31,Groundwater,(WD) Well - Domestic,PP-D-031,(FRU) Front Range Urban GW,"Domestic, drinking",11/8/06,Cd - Cadmium,Inorganic,0%,5,0,,ug/L,1,Final,
FRU06WR32,Groundwater,(WR) Well - Recreation,PP-D-032,(FRU) Front Range Urban GW,Recreation,11/8/06,Cd - Cadmium,Inorganic,0%,5,0,,ug/L,1,Final,
LA06WD33,Groundwater,(WD) Well - Domestic,PP-D-033,(LA) Lower Arkansas GW,"Domestic, non-drinking",11/8/06,Cd - Cadmium,Inorganic,0%,5,0,,ug/L,1,Final,
LA06WD34,Groundwater,(WD) Well - Domestic,PP-D-034,(LA) Lower Arkansas GW,"Domestic, drinking",11/9/06,Cd - Cadmium,Inorganic,0%,5,0,,ug/L,1,Final,
LA06WD35,Groundwater,(WD) Well - Domestic,PP-D-035,(LA) Lower Arkansas GW,"Domestic, drinking",11/9/06,Cd - Cadmium,Inorganic,0%,5,0,,ug/L,1,Final,
LA06WD36,Groundwater,(WD) Well - Domestic,PP-D-036,(LA) Lower Arkansas GW,"Domestic, non-drinking",11/9/06,Cd - Cadmium,Inorganic,0%,5,0,,ug/L,1,Final,
LA06WD37,Groundwater,(WD) Well - Domestic,PP-D-037,(LA) Lower Arkansas GW,"Domestic, drinking",11/9/06,Cd - Cadmium,Inorganic,0%,5,0,,ug/L,1,Final,
LA06WD38,Groundwater,(WD) Well - Domestic,PP-D-038,(LA) Lower Arkansas GW,"Domestic, drinking",11/30/06,Cd - Cadmium,Inorganic,0%,5,0,,ug/L,1,Final,
LA06WD39,Groundwater,(WD) Well - Domestic,PP-D-039,(LA) Lower Arkansas GW,"Domestic, drinking",11/30/06,Cd - Cadmium,Inorganic,0%,5,0,,ug/L,1,Final,
LA06WD40,Groundwater,(WD) Well - Domestic,PP-D-040,(LA) Lower Arkansas GW,"Domestic, drinking",11/30/06,Cd - Cadmium,Inorganic,0%,5,0,,ug/L,1,Final,
LA06WD41,Groundwater,(WD) Well - Domestic,PP-D-041,(LA) Lower Arkansas GW,"Domestic, drinking",11/30/06,Cd - Cadmium,Inorganic,0%,5,0,,ug/L,1,Final,
LA06WL42,Groundwater,(WL) Well - Livestock,PP-D-042,(LA) Lower Arkansas GW,Livestock,12/1/06,Cd - Cadmium,Inorganic,0%,5,0,,ug/L,1,Final,
LA06WL43,Groundwater,(WL) Well - Livestock,PP-D-043,(LA) Lower Arkansas GW,Livestock,12/1/06,Cd - Cadmium,Inorganic,0%,5,0,,ug/L,1,Final,
LA06WL44,Groundwater,(WL) Well - Livestock,PP-D-044,(LA) Lower Arkansas GW,Livestock,12/1/06,Cd - Cadmium,Inorganic,0%,5,0,,ug/L,1,Final,
FRU06WD45,Groundwater,(WD) Well - Domestic,PP-D-045,(FRU) Front Range Urban GW,"Domestic, drinking",12/1/06,Cd - Cadmium,Inorganic,0%,5,0,,ug/L,1,Final,
LA06WD46,Groundwater,(WD) Well - Domestic,PP-D-046,(LA) Lower Arkansas GW,Livestock,12/4/06,Cd - Cadmium,Inorganic,0%,5,0,,ug/L,1,Final,
LA06WD47,Groundwater,(WD) Well - Domestic,PP-D-047,(LA) Lower Arkansas GW,"Domestic, non-drinking",12/4/06,Cd - Cadmium,Inorganic,0%,5,0,,ug/L,1,Final,
LA06WD48,Groundwater,(WD) Well - Domestic,PP-D-048,(LA) Lower Arkansas GW,Livestock,12/4/06,Cd - Cadmium,Inorganic,0%,5,0,,ug/L,1,Final,
LA06WD49,Groundwater,(WD) Well - Domestic,PP-D-049,(LA) Lower Arkansas GW,Commercial,12/7/06,Cd - Cadmium,Inorganic,0%,5,0,,ug/L,1,Final,
LA06CI9,Groundwater,(CI) Well - Crop Irrigation,PP-I-009,(LA) Lower Arkansas GW,"Irrigation, Crop",9/26/06,Cd - Cadmium,Inorganic,0%,5,0,,ug/L,1,Final,
FRU06WP2,Groundwater,(WP) Well - Public Supply,PP-D-002,(FRU) Front Range Urban GW,Public Supply,9/25/06,Cr - Chromium,Inorganic,0%,10,0,,ug/L,1,Final,
LA06WD3,Groundwater,(WD) Well - Domestic,PP-D-003,(LA) Lower Arkansas GW,"Domestic, drinking",9/25/06,Cr - Chromium,Inorganic,0%,10,0,,ug/L,1,Final,
LA06WD4,Groundwater,(WD) Well - Domestic,PP-D-004,(LA) Lower Arkansas GW,"Domestic, drinking",9/26/06,Cr - Chromium,Inorganic,0%,10,0,,ug/L,1,Final,
LSP06WD5,Groundwater,(WD) Well - Domestic,PP-D-005,(LSP) Lower South Platte GW,"Domestic, drinking",9/26/06,Cr - Chromium,Inorganic,0%,10,0,,ug/L,1,Final,
LSP06WD6,Groundwater,(WD) Well - Domestic,PP-D-006,(LSP) Lower South Platte GW,"Domestic, drinking",9/26/06,Cr - Chromium,Inorganic,0%,10,0,,ug/L,1,Final,
LA06WD7,Groundwater,(WD) Well - Domestic,PP-D-007,(LA) Lower Arkansas GW,"Domestic, drinking",9/26/06,Cr - Chromium,Inorganic,0%,10,0,,ug/L,1,Final,
LA06WD8,Groundwater,(WD) Well - Domestic,PP-D-008,(LA) Lower Arkansas GW,"Domestic, drinking",9/26/06,Cr - Chromium,Inorganic,0%,10,0,,ug/L,1,Final,
LA06WD10,Groundwater,(WD) Well - Domestic,PP-D-010,(LA) Lower Arkansas GW,"Domestic, drinking",9/26/06,Cr - Chromium,Inorganic,0%,10,0,,ug/L,1,Final,
LA06WD11,Groundwater,(WD) Well - Domestic,PP-D-011,(LA) Lower Arkansas GW,"Domestic, drinking",9/26/06,Cr - Chromium,Inorganic,0%,10,0,,ug/L,1,Final,
LA06WD12,Groundwater,(WD) Well - Domestic,PP-D-012,(LA) Lower Arkansas GW,"Domestic, drinking",9/27/06,Cr - Chromium,Inorganic,0%,10,0,,ug/L,1,Final,
LA06WD13,Groundwater,(WD) Well - Domestic,PP-D-013,(LA) Lower Arkansas GW,"Domestic, drinking",9/27/06,Cr - Chromium,Inorganic,0%,10,0,,ug/L,1,Final,
LA06WP14,Groundwater,(WP) Well - Public Supply,PP-D-014,(LA) Lower Arkansas GW,Public Supply,9/27/06,Cr - Chromium,Inorganic,0%,10,0,,ug/L,1,Final,
LA06WP15,Groundwater,(WP) Well - Public Supply,PP-D-015,(LA) Lower Arkansas GW,Public Supply,9/27/06,Cr - Chromium,Inorganic,0%,10,0,,ug/L,1,Final,
LA06WD16,Groundwater,(WD) Well - Domestic,PP-D-016,(LA) Lower Arkansas GW,"Domestic, drinking",9/27/06,Cr - Chromium,Inorganic,0%,10,0,,ug/L,1,Final,
MTN06WD17,Groundwater,(WD) Well - Domestic,PP-D-017,(MTN) Mountainous Area GW,"Domestic, drinking",9/28/06,Cr - Chromium,Inorganic,0%,10,0,,ug/L,1,Final,
FRU06WD18,Groundwater,(WD) Well - Domestic,PP-D-018,(FRU) Front Range Urban GW,"Domestic, drinking",9/28/06,Cr - Chromium,Inorganic,0%,10,0,,ug/L,1,Final,
FRU06WD19,Groundwater,(WD) Well - Domestic,PP-D-019,(FRU) Front Range Urban GW,"Domestic, drinking",9/28/06,Cr - Chromium,Inorganic,0%,10,0,,ug/L,1,Final,
FRU06WP20,Groundwater,(WP) Well - Public Supply,PP-D-020,(FRU) Front Range Urban GW,Public Supply,9/28/06,Cr - Chromium,Inorganic,0%,10,0,,ug/L,1,Final,
LA06WD21,Groundwater,(WD) Well - Domestic,PP-D-021,(LA) Lower Arkansas GW,"Domestic, drinking",9/28/06,Cr - Chromium,Inorganic,0%,10,0,,ug/L,1,Final,
LA06WD22,Groundwater,(WD) Well - Domestic,PP-D-022,(LA) Lower Arkansas GW,"Domestic, drinking",9/28/06,Cr - Chromium,Inorganic,0%,10,0,,ug/L,1,Final,
FRU06WD23,Groundwater,(WD) Well - Domestic,PP-D-023,(FRU) Front Range Urban GW,"Domestic, drinking",9/28/06,Cr - Chromium,Inorganic,0%,10,0,,ug/L,1,Final,
FRU06WD24,Groundwater,(WD) Well - Domestic,PP-D-024,(FRU) Front Range Urban GW,"Domestic, drinking",9/29/06,Cr - Chromium,Inorganic,0%,10,0,,ug/L,1,Final,
FRU06WD25,Groundwater,(WD) Well - Domestic,PP-D-025,(FRU) Front Range Urban GW,"Domestic, non-drinking",9/29/06,Cr - Chromium,Inorganic,0%,10,0,,ug/L,1,Final,
LA06WD26,Groundwater,(WD) Well - Domestic,PP-D-026,(LA) Lower Arkansas GW,"Domestic, drinking",11/7/06,Cr - Chromium,Inorganic,0%,10,0,,ug/L,1,Final,
LA06WD27,Groundwater,(WD) Well - Domestic,PP-D-027,(LA) Lower Arkansas GW,Commercial,11/7/06,Cr - Chromium,Inorganic,0%,10,0,,ug/L,1,Final,
LA06WD28,Groundwater,(WD) Well - Domestic,PP-D-028,(LA) Lower Arkansas GW,"Domestic, drinking",11/7/06,Cr - Chromium,Inorganic,0%,10,0,,ug/L,1,Final,
LA06WD29,Groundwater,(WD) Well - Domestic,PP-D-029,(LA) Lower Arkansas GW,"Domestic, drinking",11/8/06,Cr - Chromium,Inorganic,0%,10,0,,ug/L,1,Final,
FRU06WC30,Groundwater,(WC) Well - Commercial,PP-D-030,(FRU) Front Range Urban GW,Commercial,11/8/06,Cr - Chromium,Inorganic,0%,10,0,,ug/L,1,Final,
FRU06WD31,Groundwater,(WD) Well - Domestic,PP-D-031,(FRU) Front Range Urban GW,"Domestic, drinking",11/8/06,Cr - Chromium,Inorganic,0%,10,0,,ug/L,1,Final,
FRU06WR32,Groundwater,(WR) Well - Recreation,PP-D-032,(FRU) Front Range Urban GW,Recreation,11/8/06,Cr - Chromium,Inorganic,0%,10,0,,ug/L,1,Final,
LA06WD33,Groundwater,(WD) Well - Domestic,PP-D-033,(LA) Lower Arkansas GW,"Domestic, non-drinking",11/8/06,Cr - Chromium,Inorganic,0%,10,0,,ug/L,1,Final,
LA06WD34,Groundwater,(WD) Well - Domestic,PP-D-034,(LA) Lower Arkansas GW,"Domestic, drinking",11/9/06,Cr - Chromium,Inorganic,0%,10,0,,ug/L,1,Final,
LA06WD35,Groundwater,(WD) Well - Domestic,PP-D-035,(LA) Lower Arkansas GW,"Domestic, drinking",11/9/06,Cr - Chromium,Inorganic,0%,10,0,,ug/L,1,Final,
LA06WD36,Groundwater,(WD) Well - Domestic,PP-D-036,(LA) Lower Arkansas GW,"Domestic, non-drinking",11/9/06,Cr - Chromium,Inorganic,0%,10,0,,ug/L,1,Final,
LA06WD37,Groundwater,(WD) Well - Domestic,PP-D-037,(LA) Lower Arkansas GW,"Domestic, drinking",11/9/06,Cr - Chromium,Inorganic,0%,10,0,,ug/L,1,Final,
LA06WD38,Groundwater,(WD) Well - Domestic,PP-D-038,(LA) Lower Arkansas GW,"Domestic, drinking",11/30/06,Cr - Chromium,Inorganic,0%,10,0,,ug/L,1,Final,
LA06WD39,Groundwater,(WD) Well - Domestic,PP-D-039,(LA) Lower Arkansas GW,"Domestic, drinking",11/30/06,Cr - Chromium,Inorganic,0%,10,0,,ug/L,1,Final,
LA06WD40,Groundwater,(WD) Well - Domestic,PP-D-040,(LA) Lower Arkansas GW,"Domestic, drinking",11/30/06,Cr - Chromium,Inorganic,0%,10,0,,ug/L,1,Final,
LA06WD41,Groundwater,(WD) Well - Domestic,PP-D-041,(LA) Lower Arkansas GW,"Domestic, drinking",11/30/06,Cr - Chromium,Inorganic,0%,10,0,,ug/L,1,Final,
LA06WL42,Groundwater,(WL) Well - Livestock,PP-D-042,(LA) Lower Arkansas GW,Livestock,12/1/06,Cr - Chromium,Inorganic,0%,10,0,,ug/L,1,Final,
LA06WL43,Groundwater,(WL) Well - Livestock,PP-D-043,(LA) Lower Arkansas GW,Livestock,12/1/06,Cr - Chromium,Inorganic,0%,10,0,,ug/L,1,Final,
LA06WL44,Groundwater,(WL) Well - Livestock,PP-D-044,(LA) Lower Arkansas GW,Livestock,12/1/06,Cr - Chromium,Inorganic,0%,10,0,,ug/L,1,Final,
FRU06WD45,Groundwater,(WD) Well - Domestic,PP-D-045,(FRU) Front Range Urban GW,"Domestic, drinking",12/1/06,Cr - Chromium,Inorganic,0%,10,0,,ug/L,1,Final,
LA06WD46,Groundwater,(WD) Well - Domestic,PP-D-046,(LA) Lower Arkansas GW,Livestock,12/4/06,Cr - Chromium,Inorganic,0%,10,0,,ug/L,1,Final,
LA06WD47,Groundwater,(WD) Well - Domestic,PP-D-047,(LA) Lower Arkansas GW,"Domestic, non-drinking",12/4/06,Cr - Chromium,Inorganic,0%,10,0,,ug/L,1,Final,
LA06WD48,Groundwater,(WD) Well - Domestic,PP-D-048,(LA) Lower Arkansas GW,Livestock,12/4/06,Cr - Chromium,Inorganic,0%,10,0,,ug/L,1,Final,
LA06WD49,Groundwater,(WD) Well - Domestic,PP-D-049,(LA) Lower Arkansas GW,Commercial,12/7/06,Cr - Chromium,Inorganic,0%,10,0,,ug/L,1,Final,
LA06CI9,Groundwater,(CI) Well - Crop Irrigation,PP-I-009,(LA) Lower Arkansas GW,"Irrigation, Crop",9/26/06,Cr - Chromium,Inorganic,0%,10,0,,ug/L,1,Final,
FRU06WP2,Groundwater,(WP) Well - Public Supply,PP-D-002,(FRU) Front Range Urban GW,Public Supply,9/25/06,Cu - Copper,Inorganic,0%,10,0,,ug/L,1,Final,
LA06WD11,Groundwater,(WD) Well - Domestic,PP-D-011,(LA) Lower Arkansas GW,"Domestic, drinking",9/26/06,Cu - Copper,Inorganic,0%,10,0,,ug/L,1,Final,
LA06WD12,Groundwater,(WD) Well - Domestic,PP-D-012,(LA) Lower Arkansas GW,"Domestic, drinking",9/27/06,Cu - Copper,Inorganic,0%,10,0,,ug/L,1,Final,
LA06WD13,Groundwater,(WD) Well - Domestic,PP-D-013,(LA) Lower Arkansas GW,"Domestic, drinking",9/27/06,Cu - Copper,Inorganic,0%,10,0,,ug/L,1,Final,
LA06WP14,Groundwater,(WP) Well - Public Supply,PP-D-014,(LA) Lower Arkansas GW,Public Supply,9/27/06,Cu - Copper,Inorganic,0%,10,0,,ug/L,1,Final,
LA06WP15,Groundwater,(WP) Well - Public Supply,PP-D-015,(LA) Lower Arkansas GW,Public Supply,9/27/06,Cu - Copper,Inorganic,0%,10,0,,ug/L,1,Final,
LA06WD16,Groundwater,(WD) Well - Domestic,PP-D-016,(LA) Lower Arkansas GW,"Domestic, drinking",9/27/06,Cu - Copper,Inorganic,0%,10,0,,ug/L,1,Final,
MTN06WD17,Groundwater,(WD) Well - Domestic,PP-D-017,(MTN) Mountainous Area GW,"Domestic, drinking",9/28/06,Cu - Copper,Inorganic,0%,10,0,,ug/L,1,Final,
FRU06WD18,Groundwater,(WD) Well - Domestic,PP-D-018,(FRU) Front Range Urban GW,"Domestic, drinking",9/28/06,Cu - Copper,Inorganic,0%,10,0,,ug/L,1,Final,
LA06WD21,Groundwater,(WD) Well - Domestic,PP-D-021,(LA) Lower Arkansas GW,"Domestic, drinking",9/28/06,Cu - Copper,Inorganic,0%,10,0,,ug/L,1,Final,
FRU06WD23,Groundwater,(WD) Well - Domestic,PP-D-023,(FRU) Front Range Urban GW,"Domestic, drinking",9/28/06,Cu - Copper,Inorganic,0%,10,0,,ug/L,1,Final,
FRU06WD24,Groundwater,(WD) Well - Domestic,PP-D-024,(FRU) Front Range Urban GW,"Domestic, drinking",9/29/06,Cu - Copper,Inorganic,0%,10,0,,ug/L,1,Final,
FRU06WD25,Groundwater,(WD) Well - Domestic,PP-D-025,(FRU) Front Range Urban GW,"Domestic, non-drinking",9/29/06,Cu - Copper,Inorganic,0%,10,0,,ug/L,1,Final,
LA06WD26,Groundwater,(WD) Well - Domestic,PP-D-026,(LA) Lower Arkansas GW,"Domestic, drinking",11/7/06,Cu - Copper,Inorganic,0%,10,0,,ug/L,1,Final,
LA06WD27,Groundwater,(WD) Well - Domestic,PP-D-027,(LA) Lower Arkansas GW,Commercial,11/7/06,Cu - Copper,Inorganic,0%,10,0,,ug/L,1,Final,
LA06WD29,Groundwater,(WD) Well - Domestic,PP-D-029,(LA) Lower Arkansas GW,"Domestic, drinking",11/8/06,Cu - Copper,Inorganic,0%,10,0,,ug/L,1,Final,
FRU06WC30,Groundwater,(WC) Well - Commercial,PP-D-030,(FRU) Front Range Urban GW,Commercial,11/8/06,Cu - Copper,Inorganic,0%,10,0,,ug/L,1,Final,
FRU06WD31,Groundwater,(WD) Well - Domestic,PP-D-031,(FRU) Front Range Urban GW,"Domestic, drinking",11/8/06,Cu - Copper,Inorganic,0%,10,0,,ug/L,1,Final,
FRU06WR32,Groundwater,(WR) Well - Recreation,PP-D-032,(FRU) Front Range Urban GW,Recreation,11/8/06,Cu - Copper,Inorganic,0%,10,0,,ug/L,1,Final,
LA06WD37,Groundwater,(WD) Well - Domestic,PP-D-037,(LA) Lower Arkansas GW,"Domestic, drinking",11/9/06,Cu - Copper,Inorganic,0%,10,0,,ug/L,1,Final,
LA06WD39,Groundwater,(WD) Well - Domestic,PP-D-039,(LA) Lower Arkansas GW,"Domestic, drinking",11/30/06,Cu - Copper,Inorganic,0%,10,0,,ug/L,1,Final,
LA06WD40,Groundwater,(WD) Well - Domestic,PP-D-040,(LA) Lower Arkansas GW,"Domestic, drinking",11/30/06,Cu - Copper,Inorganic,0%,10,0,,ug/L,1,Final,
LA06WL42,Groundwater,(WL) Well - Livestock,PP-D-042,(LA) Lower Arkansas GW,Livestock,12/1/06,Cu - Copper,Inorganic,0%,10,0,,ug/L,1,Final,
LA06WL43,Groundwater,(WL) Well - Livestock,PP-D-043,(LA) Lower Arkansas GW,Livestock,12/1/06,Cu - Copper,Inorganic,0%,10,0,,ug/L,1,Final,
FRU06WD45,Groundwater,(WD) Well - Domestic,PP-D-045,(FRU) Front Range Urban GW,"Domestic, drinking",12/1/06,Cu - Copper,Inorganic,0%,10,0,,ug/L,1,Final,
LA06WD46,Groundwater,(WD) Well - Domestic,PP-D-046,(LA) Lower Arkansas GW,Livestock,12/4/06,Cu - Copper,Inorganic,0%,10,0,,ug/L,1,Final,
LA06WD48,Groundwater,(WD) Well - Domestic,PP-D-048,(LA) Lower Arkansas GW,Livestock,12/4/06,Cu - Copper,Inorganic,0%,10,0,,ug/L,1,Final,
LA06WD49,Groundwater,(WD) Well - Domestic,PP-D-049,(LA) Lower Arkansas GW,Commercial,12/7/06,Cu - Copper,Inorganic,0%,10,0,,ug/L,1,Final,
LA06CI9,Groundwater,(CI) Well - Crop Irrigation,PP-I-009,(LA) Lower Arkansas GW,"Irrigation, Crop",9/26/06,Cu - Copper,Inorganic,0%,10,0,,ug/L,1,Final,
LSP06WD5,Groundwater,(WD) Well - Domestic,PP-D-005,(LSP) Lower South Platte GW,"Domestic, drinking",9/26/06,Fe - Iron,Inorganic,0%,10,0,,ug/L,1,Final,
LSP06WD6,Groundwater,(WD) Well - Domestic,PP-D-006,(LSP) Lower South Platte GW,"Domestic, drinking",9/26/06,Fe - Iron,Inorganic,0%,10,0,,ug/L,1,Final,
LA06WD7,Groundwater,(WD) Well - Domestic,PP-D-007,(LA) Lower Arkansas GW,"Domestic, drinking",9/26/06,Fe - Iron,Inorganic,0%,10,0,,ug/L,1,Final,
LA06WD10,Groundwater,(WD) Well - Domestic,PP-D-010,(LA) Lower Arkansas GW,"Domestic, drinking",9/26/06,Fe - Iron,Inorganic,0%,10,0,,ug/L,1,Final,
LA06WD11,Groundwater,(WD) Well - Domestic,PP-D-011,(LA) Lower Arkansas GW,"Domestic, drinking",9/26/06,Fe - Iron,Inorganic,0%,10,0,,ug/L,1,Final,
LA06WD12,Groundwater,(WD) Well - Domestic,PP-D-012,(LA) Lower Arkansas GW,"Domestic, drinking",9/27/06,Fe - Iron,Inorganic,0%,10,0,,ug/L,1,Final,
LA06WD13,Groundwater,(WD) Well - Domestic,PP-D-013,(LA) Lower Arkansas GW,"Domestic, drinking",9/27/06,Fe - Iron,Inorganic,0%,10,0,,ug/L,1,Final,
LA06WP14,Groundwater,(WP) Well - Public Supply,PP-D-014,(LA) Lower Arkansas GW,Public Supply,9/27/06,Fe - Iron,Inorganic,0%,10,0,,ug/L,1,Final,
LA06WP15,Groundwater,(WP) Well - Public Supply,PP-D-015,(LA) Lower Arkansas GW,Public Supply,9/27/06,Fe - Iron,Inorganic,0%,10,0,,ug/L,1,Final,
LA06WD16,Groundwater,(WD) Well - Domestic,PP-D-016,(LA) Lower Arkansas GW,"Domestic, drinking",9/27/06,Fe - Iron,Inorganic,0%,10,0,,ug/L,1,Final,
MTN06WD17,Groundwater,(WD) Well - Domestic,PP-D-017,(MTN) Mountainous Area GW,"Domestic, drinking",9/28/06,Fe - Iron,Inorganic,0%,10,0,,ug/L,1,Final,
FRU06WD18,Groundwater,(WD) Well - Domestic,PP-D-018,(FRU) Front Range Urban GW,"Domestic, drinking",9/28/06,Fe - Iron,Inorganic,0%,10,0,,ug/L,1,Final,
FRU06WD19,Groundwater,(WD) Well - Domestic,PP-D-019,(FRU) Front Range Urban GW,"Domestic, drinking",9/28/06,Fe - Iron,Inorganic,0%,10,0,,ug/L,1,Final,
FRU06WP20,Groundwater,(WP) Well - Public Supply,PP-D-020,(FRU) Front Range Urban GW,Public Supply,9/28/06,Fe - Iron,Inorganic,0%,10,0,,ug/L,1,Final,
LA06WD21,Groundwater,(WD) Well - Domestic,PP-D-021,(LA) Lower Arkansas GW,"Domestic, drinking",9/28/06,Fe - Iron,Inorganic,0%,10,0,,ug/L,1,Final,
LA06WD22,Groundwater,(WD) Well - Domestic,PP-D-022,(LA) Lower Arkansas GW,"Domestic, drinking",9/28/06,Fe - Iron,Inorganic,0%,10,0,,ug/L,1,Final,
FRU06WD23,Groundwater,(WD) Well - Domestic,PP-D-023,(FRU) Front Range Urban GW,"Domestic, drinking",9/28/06,Fe - Iron,Inorganic,0%,10,0,,ug/L,1,Final,
FRU06WD25,Groundwater,(WD) Well - Domestic,PP-D-025,(FRU) Front Range Urban GW,"Domestic, non-drinking",9/29/06,Fe - Iron,Inorganic,0%,10,0,,ug/L,1,Final,
LA06WD26,Groundwater,(WD) Well - Domestic,PP-D-026,(LA) Lower Arkansas GW,"Domestic, drinking",11/7/06,Fe - Iron,Inorganic,0%,10,0,,ug/L,1,Final,
LA06WD27,Groundwater,(WD) Well - Domestic,PP-D-027,(LA) Lower Arkansas GW,Commercial,11/7/06,Fe - Iron,Inorganic,0%,10,0,,ug/L,1,Final,
LA06WD28,Groundwater,(WD) Well - Domestic,PP-D-028,(LA) Lower Arkansas GW,"Domestic, drinking",11/7/06,Fe - Iron,Inorganic,0%,10,0,,ug/L,1,Final,
LA06WD29,Groundwater,(WD) Well - Domestic,PP-D-029,(LA) Lower Arkansas GW,"Domestic, drinking",11/8/06,Fe - Iron,Inorganic,0%,10,0,,ug/L,1,Final,
FRU06WC30,Groundwater,(WC) Well - Commercial,PP-D-030,(FRU) Front Range Urban GW,Commercial,11/8/06,Fe - Iron,Inorganic,0%,10,0,,ug/L,1,Final,
FRU06WD31,Groundwater,(WD) Well - Domestic,PP-D-031,(FRU) Front Range Urban GW,"Domestic, drinking",11/8/06,Fe - Iron,Inorganic,0%,10,0,,ug/L,1,Final,
LA06WD33,Groundwater,(WD) Well - Domestic,PP-D-033,(LA) Lower Arkansas GW,"Domestic, non-drinking",11/8/06,Fe - Iron,Inorganic,0%,10,0,,ug/L,1,Final,
LA06WD34,Groundwater,(WD) Well - Domestic,PP-D-034,(LA) Lower Arkansas GW,"Domestic, drinking",11/9/06,Fe - Iron,Inorganic,0%,10,0,,ug/L,1,Final,
LA06WD35,Groundwater,(WD) Well - Domestic,PP-D-035,(LA) Lower Arkansas GW,"Domestic, drinking",11/9/06,Fe - Iron,Inorganic,0%,10,0,,ug/L,1,Final,
LA06WD36,Groundwater,(WD) Well - Domestic,PP-D-036,(LA) Lower Arkansas GW,"Domestic, non-drinking",11/9/06,Fe - Iron,Inorganic,0%,10,0,,ug/L,1,Final,
LA06WD37,Groundwater,(WD) Well - Domestic,PP-D-037,(LA) Lower Arkansas GW,"Domestic, drinking",11/9/06,Fe - Iron,Inorganic,0%,10,0,,ug/L,1,Final,
LA06WD38,Groundwater,(WD) Well - Domestic,PP-D-038,(LA) Lower Arkansas GW,"Domestic, drinking",11/30/06,Fe - Iron,Inorganic,0%,10,0,,ug/L,1,Final,
LA06WD39,Groundwater,(WD) Well - Domestic,PP-D-039,(LA) Lower Arkansas GW,"Domestic, drinking",11/30/06,Fe - Iron,Inorganic,0%,10,0,,ug/L,1,Final,
LA06WD40,Groundwater,(WD) Well - Domestic,PP-D-040,(LA) Lower Arkansas GW,"Domestic, drinking",11/30/06,Fe - Iron,Inorganic,0%,10,0,,ug/L,1,Final,
LA06WD41,Groundwater,(WD) Well - Domestic,PP-D-041,(LA) Lower Arkansas GW,"Domestic, drinking",11/30/06,Fe - Iron,Inorganic,0%,10,0,,ug/L,1,Final,
LA06WL42,Groundwater,(WL) Well - Livestock,PP-D-042,(LA) Lower Arkansas GW,Livestock,12/1/06,Fe - Iron,Inorganic,0%,10,0,,ug/L,1,Final,
LA06WL43,Groundwater,(WL) Well - Livestock,PP-D-043,(LA) Lower Arkansas GW,Livestock,12/1/06,Fe - Iron,Inorganic,0%,10,0,,ug/L,1,Final,
LA06WL44,Groundwater,(WL) Well - Livestock,PP-D-044,(LA) Lower Arkansas GW,Livestock,12/1/06,Fe - Iron,Inorganic,0%,10,0,,ug/L,1,Final,
FRU06WD45,Groundwater,(WD) Well - Domestic,PP-D-045,(FRU) Front Range Urban GW,"Domestic, drinking",12/1/06,Fe - Iron,Inorganic,0%,10,0,,ug/L,1,Final,
LA06WD46,Groundwater,(WD) Well - Domestic,PP-D-046,(LA) Lower Arkansas GW,Livestock,12/4/06,Fe - Iron,Inorganic,0%,10,0,,ug/L,1,Final,
LA06WD49,Groundwater,(WD) Well - Domestic,PP-D-049,(LA) Lower Arkansas GW,Commercial,12/7/06,Fe - Iron,Inorganic,0%,10,0,,ug/L,1,Final,
LA06CI9,Groundwater,(CI) Well - Crop Irrigation,PP-I-009,(LA) Lower Arkansas GW,"Irrigation, Crop",9/26/06,Fe - Iron,Inorganic,0%,10,0,,ug/L,1,Final,
LA06WD26,Groundwater,(WD) Well - Domestic,PP-D-026,(LA) Lower Arkansas GW,"Domestic, drinking",11/7/06,Mg - Magnesium,Inorganic,0%,0.1,0,,mg/L,1,Final,
LA06WD3,Groundwater,(WD) Well - Domestic,PP-D-003,(LA) Lower Arkansas GW,"Domestic, drinking",9/25/06,Mn - Manganese,Inorganic,0%,10,0,,ug/L,1,Final,
LA06WD4,Groundwater,(WD) Well - Domestic,PP-D-004,(LA) Lower Arkansas GW,"Domestic, drinking",9/26/06,Mn - Manganese,Inorganic,0%,10,0,,ug/L,1,Final,
LSP06WD5,Groundwater,(WD) Well - Domestic,PP-D-005,(LSP) Lower South Platte GW,"Domestic, drinking",9/26/06,Mn - Manganese,Inorganic,0%,10,0,,ug/L,1,Final,
LSP06WD6,Groundwater,(WD) Well - Domestic,PP-D-006,(LSP) Lower South Platte GW,"Domestic, drinking",9/26/06,Mn - Manganese,Inorganic,0%,10,0,,ug/L,1,Final,
LA06WD7,Groundwater,(WD) Well - Domestic,PP-D-007,(LA) Lower Arkansas GW,"Domestic, drinking",9/26/06,Mn - Manganese,Inorganic,0%,10,0,,ug/L,1,Final,
LA06WD8,Groundwater,(WD) Well - Domestic,PP-D-008,(LA) Lower Arkansas GW,"Domestic, drinking",9/26/06,Mn - Manganese,Inorganic,0%,10,0,,ug/L,1,Final,
LA06WD10,Groundwater,(WD) Well - Domestic,PP-D-010,(LA) Lower Arkansas GW,"Domestic, drinking",9/26/06,Mn - Manganese,Inorganic,0%,10,0,,ug/L,1,Final,
LA06WD11,Groundwater,(WD) Well - Domestic,PP-D-011,(LA) Lower Arkansas GW,"Domestic, drinking",9/26/06,Mn - Manganese,Inorganic,0%,10,0,,ug/L,1,Final,
LA06WD13,Groundwater,(WD) Well - Domestic,PP-D-013,(LA) Lower Arkansas GW,"Domestic, drinking",9/27/06,Mn - Manganese,Inorganic,0%,10,0,,ug/L,1,Final,
LA06WP14,Groundwater,(WP) Well - Public Supply,PP-D-014,(LA) Lower Arkansas GW,Public Supply,9/27/06,Mn - Manganese,Inorganic,0%,10,0,,ug/L,1,Final,
LA06WP15,Groundwater,(WP) Well - Public Supply,PP-D-015,(LA) Lower Arkansas GW,Public Supply,9/27/06,Mn - Manganese,Inorganic,0%,10,0,,ug/L,1,Final,
LA06WD16,Groundwater,(WD) Well - Domestic,PP-D-016,(LA) Lower Arkansas GW,"Domestic, drinking",9/27/06,Mn - Manganese,Inorganic,0%,10,0,,ug/L,1,Final,
MTN06WD17,Groundwater,(WD) Well - Domestic,PP-D-017,(MTN) Mountainous Area GW,"Domestic, drinking",9/28/06,Mn - Manganese,Inorganic,0%,10,0,,ug/L,1,Final,
FRU06WD18,Groundwater,(WD) Well - Domestic,PP-D-018,(FRU) Front Range Urban GW,"Domestic, drinking",9/28/06,Mn - Manganese,Inorganic,0%,10,0,,ug/L,1,Final,
FRU06WD19,Groundwater,(WD) Well - Domestic,PP-D-019,(FRU) Front Range Urban GW,"Domestic, drinking",9/28/06,Mn - Manganese,Inorganic,0%,10,0,,ug/L,1,Final,
FRU06WP20,Groundwater,(WP) Well - Public Supply,PP-D-020,(FRU) Front Range Urban GW,Public Supply,9/28/06,Mn - Manganese,Inorganic,0%,10,0,,ug/L,1,Final,
LA06WD21,Groundwater,(WD) Well - Domestic,PP-D-021,(LA) Lower Arkansas GW,"Domestic, drinking",9/28/06,Mn - Manganese,Inorganic,0%,10,0,,ug/L,1,Final,
LA06WD22,Groundwater,(WD) Well - Domestic,PP-D-022,(LA) Lower Arkansas GW,"Domestic, drinking",9/28/06,Mn - Manganese,Inorganic,0%,10,0,,ug/L,1,Final,
LA06WD26,Groundwater,(WD) Well - Domestic,PP-D-026,(LA) Lower Arkansas GW,"Domestic, drinking",11/7/06,Mn - Manganese,Inorganic,0%,10,0,,ug/L,1,Final,
LA06WD27,Groundwater,(WD) Well - Domestic,PP-D-027,(LA) Lower Arkansas GW,Commercial,11/7/06,Mn - Manganese,Inorganic,0%,10,0,,ug/L,1,Final,
LA06WD29,Groundwater,(WD) Well - Domestic,PP-D-029,(LA) Lower Arkansas GW,"Domestic, drinking",11/8/06,Mn - Manganese,Inorganic,0%,10,0,,ug/L,1,Final,
FRU06WC30,Groundwater,(WC) Well - Commercial,PP-D-030,(FRU) Front Range Urban GW,Commercial,11/8/06,Mn - Manganese,Inorganic,0%,10,0,,ug/L,1,Final,
FRU06WD31,Groundwater,(WD) Well - Domestic,PP-D-031,(FRU) Front Range Urban GW,"Domestic, drinking",11/8/06,Mn - Manganese,Inorganic,0%,10,0,,ug/L,1,Final,
FRU06WR32,Groundwater,(WR) Well - Recreation,PP-D-032,(FRU) Front Range Urban GW,Recreation,11/8/06,Mn - Manganese,Inorganic,0%,10,0,,ug/L,1,Final,
LA06WD33,Groundwater,(WD) Well - Domestic,PP-D-033,(LA) Lower Arkansas GW,"Domestic, non-drinking",11/8/06,Mn - Manganese,Inorganic,0%,10,0,,ug/L,1,Final,
LA06WD36,Groundwater,(WD) Well - Domestic,PP-D-036,(LA) Lower Arkansas GW,"Domestic, non-drinking",11/9/06,Mn - Manganese,Inorganic,0%,10,0,,ug/L,1,Final,
LA06WD37,Groundwater,(WD) Well - Domestic,PP-D-037,(LA) Lower Arkansas GW,"Domestic, drinking",11/9/06,Mn - Manganese,Inorganic,0%,10,0,,ug/L,1,Final,
LA06WD38,Groundwater,(WD) Well - Domestic,PP-D-038,(LA) Lower Arkansas GW,"Domestic, drinking",11/30/06,Mn - Manganese,Inorganic,0%,10,0,,ug/L,1,Final,
LA06WD39,Groundwater,(WD) Well - Domestic,PP-D-039,(LA) Lower Arkansas GW,"Domestic, drinking",11/30/06,Mn - Manganese,Inorganic,0%,10,0,,ug/L,1,Final,
LA06WD40,Groundwater,(WD) Well - Domestic,PP-D-040,(LA) Lower Arkansas GW,"Domestic, drinking",11/30/06,Mn - Manganese,Inorganic,0%,10,0,,ug/L,1,Final,
LA06WD41,Groundwater,(WD) Well - Domestic,PP-D-041,(LA) Lower Arkansas GW,"Domestic, drinking",11/30/06,Mn - Manganese,Inorganic,0%,10,0,,ug/L,1,Final,
LA06WL42,Groundwater,(WL) Well - Livestock,PP-D-042,(LA) Lower Arkansas GW,Livestock,12/1/06,Mn - Manganese,Inorganic,0%,10,0,,ug/L,1,Final,
LA06WL44,Groundwater,(WL) Well - Livestock,PP-D-044,(LA) Lower Arkansas GW,Livestock,12/1/06,Mn - Manganese,Inorganic,0%,10,0,,ug/L,1,Final,
FRU06WD45,Groundwater,(WD) Well - Domestic,PP-D-045,(FRU) Front Range Urban GW,"Domestic, drinking",12/1/06,Mn - Manganese,Inorganic,0%,10,0,,ug/L,1,Final,
LA06WD46,Groundwater,(WD) Well - Domestic,PP-D-046,(LA) Lower Arkansas GW,Livestock,12/4/06,Mn - Manganese,Inorganic,0%,10,0,,ug/L,1,Final,
LA06CI9,Groundwater,(CI) Well - Crop Irrigation,PP-I-009,(LA) Lower Arkansas GW,"Irrigation, Crop",9/26/06,Mn - Manganese,Inorganic,0%,10,0,,ug/L,1,Final,
FRU06WP2,Groundwater,(WP) Well - Public Supply,PP-D-002,(FRU) Front Range Urban GW,Public Supply,9/25/06,Mo - Molybdenum,Inorganic,0%,10,0,,ug/L,1,Final,
LA06WD3,Groundwater,(WD) Well - Domestic,PP-D-003,(LA) Lower Arkansas GW,"Domestic, drinking",9/25/06,Mo - Molybdenum,Inorganic,0%,10,0,,ug/L,1,Final,
LA06WD4,Groundwater,(WD) Well - Domestic,PP-D-004,(LA) Lower Arkansas GW,"Domestic, drinking",9/26/06,Mo - Molybdenum,Inorganic,0%,10,0,,ug/L,1,Final,
LSP06WD5,Groundwater,(WD) Well - Domestic,PP-D-005,(LSP) Lower South Platte GW,"Domestic, drinking",9/26/06,Mo - Molybdenum,Inorganic,0%,10,0,,ug/L,1,Final,
LSP06WD6,Groundwater,(WD) Well - Domestic,PP-D-006,(LSP) Lower South Platte GW,"Domestic, drinking",9/26/06,Mo - Molybdenum,Inorganic,0%,10,0,,ug/L,1,Final,
LA06WD7,Groundwater,(WD) Well - Domestic,PP-D-007,(LA) Lower Arkansas GW,"Domestic, drinking",9/26/06,Mo - Molybdenum,Inorganic,0%,10,0,,ug/L,1,Final,
LA06WD8,Groundwater,(WD) Well - Domestic,PP-D-008,(LA) Lower Arkansas GW,"Domestic, drinking",9/26/06,Mo - Molybdenum,Inorganic,0%,10,0,,ug/L,1,Final,
LA06WD10,Groundwater,(WD) Well - Domestic,PP-D-010,(LA) Lower Arkansas GW,"Domestic, drinking",9/26/06,Mo - Molybdenum,Inorganic,0%,10,0,,ug/L,1,Final,
LA06WD11,Groundwater,(WD) Well - Domestic,PP-D-011,(LA) Lower Arkansas GW,"Domestic, drinking",9/26/06,Mo - Molybdenum,Inorganic,0%,10,0,,ug/L,1,Final,
LA06WD12,Groundwater,(WD) Well - Domestic,PP-D-012,(LA) Lower Arkansas GW,"Domestic, drinking",9/27/06,Mo - Molybdenum,Inorganic,0%,10,0,,ug/L,1,Final,
LA06WD13,Groundwater,(WD) Well - Domestic,PP-D-013,(LA) Lower Arkansas GW,"Domestic, drinking",9/27/06,Mo - Molybdenum,Inorganic,0%,10,0,,ug/L,1,Final,
LA06WP14,Groundwater,(WP) Well - Public Supply,PP-D-014,(LA) Lower Arkansas GW,Public Supply,9/27/06,Mo - Molybdenum,Inorganic,0%,10,0,,ug/L,1,Final,
LA06WP15,Groundwater,(WP) Well - Public Supply,PP-D-015,(LA) Lower Arkansas GW,Public Supply,9/27/06,Mo - Molybdenum,Inorganic,0%,10,0,,ug/L,1,Final,
LA06WD16,Groundwater,(WD) Well - Domestic,PP-D-016,(LA) Lower Arkansas GW,"Domestic, drinking",9/27/06,Mo - Molybdenum,Inorganic,0%,10,0,,ug/L,1,Final,
MTN06WD17,Groundwater,(WD) Well - Domestic,PP-D-017,(MTN) Mountainous Area GW,"Domestic, drinking",9/28/06,Mo - Molybdenum,Inorganic,0%,10,0,,ug/L,1,Final,
FRU06WD18,Groundwater,(WD) Well - Domestic,PP-D-018,(FRU) Front Range Urban GW,"Domestic, drinking",9/28/06,Mo - Molybdenum,Inorganic,0%,10,0,,ug/L,1,Final,
FRU06WD19,Groundwater,(WD) Well - Domestic,PP-D-019,(FRU) Front Range Urban GW,"Domestic, drinking",9/28/06,Mo - Molybdenum,Inorganic,0%,10,0,,ug/L,1,Final,
FRU06WP20,Groundwater,(WP) Well - Public Supply,PP-D-020,(FRU) Front Range Urban GW,Public Supply,9/28/06,Mo - Molybdenum,Inorganic,0%,10,0,,ug/L,1,Final,
LA06WD21,Groundwater,(WD) Well - Domestic,PP-D-021,(LA) Lower Arkansas GW,"Domestic, drinking",9/28/06,Mo - Molybdenum,Inorganic,0%,10,0,,ug/L,1,Final,
LA06WD22,Groundwater,(WD) Well - Domestic,PP-D-022,(LA) Lower Arkansas GW,"Domestic, drinking",9/28/06,Mo - Molybdenum,Inorganic,0%,10,0,,ug/L,1,Final,
FRU06WD23,Groundwater,(WD) Well - Domestic,PP-D-023,(FRU) Front Range Urban GW,"Domestic, drinking",9/28/06,Mo - Molybdenum,Inorganic,0%,10,0,,ug/L,1,Final,
FRU06WD24,Groundwater,(WD) Well - Domestic,PP-D-024,(FRU) Front Range Urban GW,"Domestic, drinking",9/29/06,Mo - Molybdenum,Inorganic,0%,10,0,,ug/L,1,Final,
FRU06WD25,Groundwater,(WD) Well - Domestic,PP-D-025,(FRU) Front Range Urban GW,"Domestic, non-drinking",9/29/06,Mo - Molybdenum,Inorganic,0%,10,0,,ug/L,1,Final,
LA06WD26,Groundwater,(WD) Well - Domestic,PP-D-026,(LA) Lower Arkansas GW,"Domestic, drinking",11/7/06,Mo - Molybdenum,Inorganic,0%,10,0,,ug/L,1,Final,
LA06WD27,Groundwater,(WD) Well - Domestic,PP-D-027,(LA) Lower Arkansas GW,Commercial,11/7/06,Mo - Molybdenum,Inorganic,0%,10,0,,ug/L,1,Final,
LA06WD28,Groundwater,(WD) Well - Domestic,PP-D-028,(LA) Lower Arkansas GW,"Domestic, drinking",11/7/06,Mo - Molybdenum,Inorganic,0%,10,0,,ug/L,1,Final,
LA06WD29,Groundwater,(WD) Well - Domestic,PP-D-029,(LA) Lower Arkansas GW,"Domestic, drinking",11/8/06,Mo - Molybdenum,Inorganic,0%,10,0,,ug/L,1,Final,
FRU06WC30,Groundwater,(WC) Well - Commercial,PP-D-030,(FRU) Front Range Urban GW,Commercial,11/8/06,Mo - Molybdenum,Inorganic,0%,10,0,,ug/L,1,Final,
FRU06WD31,Groundwater,(WD) Well - Domestic,PP-D-031,(FRU) Front Range Urban GW,"Domestic, drinking",11/8/06,Mo - Molybdenum,Inorganic,0%,10,0,,ug/L,1,Final,
FRU06WR32,Groundwater,(WR) Well - Recreation,PP-D-032,(FRU) Front Range Urban GW,Recreation,11/8/06,Mo - Molybdenum,Inorganic,0%,10,0,,ug/L,1,Final,
LA06WD33,Groundwater,(WD) Well - Domestic,PP-D-033,(LA) Lower Arkansas GW,"Domestic, non-drinking",11/8/06,Mo - Molybdenum,Inorganic,0%,10,0,,ug/L,1,Final,
LA06WD34,Groundwater,(WD) Well - Domestic,PP-D-034,(LA) Lower Arkansas GW,"Domestic, drinking",11/9/06,Mo - Molybdenum,Inorganic,0%,10,0,,ug/L,1,Final,
LA06WD35,Groundwater,(WD) Well - Domestic,PP-D-035,(LA) Lower Arkansas GW,"Domestic, drinking",11/9/06,Mo - Molybdenum,Inorganic,0%,10,0,,ug/L,1,Final,
LA06WD36,Groundwater,(WD) Well - Domestic,PP-D-036,(LA) Lower Arkansas GW,"Domestic, non-drinking",11/9/06,Mo - Molybdenum,Inorganic,0%,10,0,,ug/L,1,Final,
LA06WD37,Groundwater,(WD) Well - Domestic,PP-D-037,(LA) Lower Arkansas GW,"Domestic, drinking",11/9/06,Mo - Molybdenum,Inorganic,0%,10,0,,ug/L,1,Final,
LA06WD38,Groundwater,(WD) Well - Domestic,PP-D-038,(LA) Lower Arkansas GW,"Domestic, drinking",11/30/06,Mo - Molybdenum,Inorganic,0%,10,0,,ug/L,1,Final,
LA06WD39,Groundwater,(WD) Well - Domestic,PP-D-039,(LA) Lower Arkansas GW,"Domestic, drinking",11/30/06,Mo - Molybdenum,Inorganic,0%,10,0,,ug/L,1,Final,
LA06WD40,Groundwater,(WD) Well - Domestic,PP-D-040,(LA) Lower Arkansas GW,"Domestic, drinking",11/30/06,Mo - Molybdenum,Inorganic,0%,10,0,,ug/L,1,Final,
LA06WD41,Groundwater,(WD) Well - Domestic,PP-D-041,(LA) Lower Arkansas GW,"Domestic, drinking",11/30/06,Mo - Molybdenum,Inorganic,0%,10,0,,ug/L,1,Final,
LA06WL42,Groundwater,(WL) Well - Livestock,PP-D-042,(LA) Lower Arkansas GW,Livestock,12/1/06,Mo - Molybdenum,Inorganic,0%,10,0,,ug/L,1,Final,
LA06WL43,Groundwater,(WL) Well - Livestock,PP-D-043,(LA) Lower Arkansas GW,Livestock,12/1/06,Mo - Molybdenum,Inorganic,0%,10,0,,ug/L,1,Final,
LA06WL44,Groundwater,(WL) Well - Livestock,PP-D-044,(LA) Lower Arkansas GW,Livestock,12/1/06,Mo - Molybdenum,Inorganic,0%,10,0,,ug/L,1,Final,
FRU06WD45,Groundwater,(WD) Well - Domestic,PP-D-045,(FRU) Front Range Urban GW,"Domestic, drinking",12/1/06,Mo - Molybdenum,Inorganic,0%,10,0,,ug/L,1,Final,
LA06WD46,Groundwater,(WD) Well - Domestic,PP-D-046,(LA) Lower Arkansas GW,Livestock,12/4/06,Mo - Molybdenum,Inorganic,0%,10,0,,ug/L,1,Final,
LA06WD47,Groundwater,(WD) Well - Domestic,PP-D-047,(LA) Lower Arkansas GW,"Domestic, non-drinking",12/4/06,Mo - Molybdenum,Inorganic,0%,10,0,,ug/L,1,Final,
LA06WD48,Groundwater,(WD) Well - Domestic,PP-D-048,(LA) Lower Arkansas GW,Livestock,12/4/06,Mo - Molybdenum,Inorganic,0%,10,0,,ug/L,1,Final,
LA06WD49,Groundwater,(WD) Well - Domestic,PP-D-049,(LA) Lower Arkansas GW,Commercial,12/7/06,Mo - Molybdenum,Inorganic,0%,10,0,,ug/L,1,Final,
LA06CI9,Groundwater,(CI) Well - Crop Irrigation,PP-I-009,(LA) Lower Arkansas GW,"Irrigation, Crop",9/26/06,Mo - Molybdenum,Inorganic,0%,10,0,,ug/L,1,Final,
FRU06WP2,Groundwater,(WP) Well - Public Supply,PP-D-002,(FRU) Front Range Urban GW,Public Supply,9/25/06,Ni - Nickel,Inorganic,0%,10,0,,ug/L,1,Final,
LA06WD3,Groundwater,(WD) Well - Domestic,PP-D-003,(LA) Lower Arkansas GW,"Domestic, drinking",9/25/06,Ni - Nickel,Inorganic,0%,10,0,,ug/L,1,Final,
LA06WD4,Groundwater,(WD) Well - Domestic,PP-D-004,(LA) Lower Arkansas GW,"Domestic, drinking",9/26/06,Ni - Nickel,Inorganic,0%,10,0,,ug/L,1,Final,
LSP06WD5,Groundwater,(WD) Well - Domestic,PP-D-005,(LSP) Lower South Platte GW,"Domestic, drinking",9/26/06,Ni - Nickel,Inorganic,0%,10,0,,ug/L,1,Final,
LSP06WD6,Groundwater,(WD) Well - Domestic,PP-D-006,(LSP) Lower South Platte GW,"Domestic, drinking",9/26/06,Ni - Nickel,Inorganic,0%,10,0,,ug/L,1,Final,
LA06WD7,Groundwater,(WD) Well - Domestic,PP-D-007,(LA) Lower Arkansas GW,"Domestic, drinking",9/26/06,Ni - Nickel,Inorganic,0%,10,0,,ug/L,1,Final,
LA06WD8,Groundwater,(WD) Well - Domestic,PP-D-008,(LA) Lower Arkansas GW,"Domestic, drinking",9/26/06,Ni - Nickel,Inorganic,0%,10,0,,ug/L,1,Final,
LA06WD10,Groundwater,(WD) Well - Domestic,PP-D-010,(LA) Lower Arkansas GW,"Domestic, drinking",9/26/06,Ni - Nickel,Inorganic,0%,10,0,,ug/L,1,Final,
LA06WD11,Groundwater,(WD) Well - Domestic,PP-D-011,(LA) Lower Arkansas GW,"Domestic, drinking",9/26/06,Ni - Nickel,Inorganic,0%,10,0,,ug/L,1,Final,
LA06WD12,Groundwater,(WD) Well - Domestic,PP-D-012,(LA) Lower Arkansas GW,"Domestic, drinking",9/27/06,Ni - Nickel,Inorganic,0%,10,0,,ug/L,1,Final,
LA06WD13,Groundwater,(WD) Well - Domestic,PP-D-013,(LA) Lower Arkansas GW,"Domestic, drinking",9/27/06,Ni - Nickel,Inorganic,0%,10,0,,ug/L,1,Final,
LA06WP14,Groundwater,(WP) Well - Public Supply,PP-D-014,(LA) Lower Arkansas GW,Public Supply,9/27/06,Ni - Nickel,Inorganic,0%,10,0,,ug/L,1,Final,
LA06WP15,Groundwater,(WP) Well - Public Supply,PP-D-015,(LA) Lower Arkansas GW,Public Supply,9/27/06,Ni - Nickel,Inorganic,0%,10,0,,ug/L,1,Final,
LA06WD16,Groundwater,(WD) Well - Domestic,PP-D-016,(LA) Lower Arkansas GW,"Domestic, drinking",9/27/06,Ni - Nickel,Inorganic,0%,10,0,,ug/L,1,Final,
MTN06WD17,Groundwater,(WD) Well - Domestic,PP-D-017,(MTN) Mountainous Area GW,"Domestic, drinking",9/28/06,Ni - Nickel,Inorganic,0%,10,0,,ug/L,1,Final,
FRU06WD18,Groundwater,(WD) Well - Domestic,PP-D-018,(FRU) Front Range Urban GW,"Domestic, drinking",9/28/06,Ni - Nickel,Inorganic,0%,10,0,,ug/L,1,Final,
FRU06WD19,Groundwater,(WD) Well - Domestic,PP-D-019,(FRU) Front Range Urban GW,"Domestic, drinking",9/28/06,Ni - Nickel,Inorganic,0%,10,0,,ug/L,1,Final,
LA06WD22,Groundwater,(WD) Well - Domestic,PP-D-022,(LA) Lower Arkansas GW,"Domestic, drinking",9/28/06,Ni - Nickel,Inorganic,0%,10,0,,ug/L,1,Final,
FRU06WD23,Groundwater,(WD) Well - Domestic,PP-D-023,(FRU) Front Range Urban GW,"Domestic, drinking",9/28/06,Ni - Nickel,Inorganic,0%,10,0,,ug/L,1,Final,
FRU06WD24,Groundwater,(WD) Well - Domestic,PP-D-024,(FRU) Front Range Urban GW,"Domestic, drinking",9/29/06,Ni - Nickel,Inorganic,0%,10,0,,ug/L,1,Final,
FRU06WD25,Groundwater,(WD) Well - Domestic,PP-D-025,(FRU) Front Range Urban GW,"Domestic, non-drinking",9/29/06,Ni - Nickel,Inorganic,0%,10,0,,ug/L,1,Final,
LA06WD26,Groundwater,(WD) Well - Domestic,PP-D-026,(LA) Lower Arkansas GW,"Domestic, drinking",11/7/06,Ni - Nickel,Inorganic,0%,10,0,,ug/L,1,Final,
LA06WD27,Groundwater,(WD) Well - Domestic,PP-D-027,(LA) Lower Arkansas GW,Commercial,11/7/06,Ni - Nickel,Inorganic,0%,10,0,,ug/L,1,Final,
LA06WD28,Groundwater,(WD) Well - Domestic,PP-D-028,(LA) Lower Arkansas GW,"Domestic, drinking",11/7/06,Ni - Nickel,Inorganic,0%,10,0,,ug/L,1,Final,
LA06WD29,Groundwater,(WD) Well - Domestic,PP-D-029,(LA) Lower Arkansas GW,"Domestic, drinking",11/8/06,Ni - Nickel,Inorganic,0%,10,0,,ug/L,1,Final,
FRU06WC30,Groundwater,(WC) Well - Commercial,PP-D-030,(FRU) Front Range Urban GW,Commercial,11/8/06,Ni - Nickel,Inorganic,0%,10,0,,ug/L,1,Final,
FRU06WD31,Groundwater,(WD) Well - Domestic,PP-D-031,(FRU) Front Range Urban GW,"Domestic, drinking",11/8/06,Ni - Nickel,Inorganic,0%,10,0,,ug/L,1,Final,
FRU06WR32,Groundwater,(WR) Well - Recreation,PP-D-032,(FRU) Front Range Urban GW,Recreation,11/8/06,Ni - Nickel,Inorganic,0%,10,0,,ug/L,1,Final,
LA06WD34,Groundwater,(WD) Well - Domestic,PP-D-034,(LA) Lower Arkansas GW,"Domestic, drinking",11/9/06,Ni - Nickel,Inorganic,0%,10,0,,ug/L,1,Final,
LA06WD35,Groundwater,(WD) Well - Domestic,PP-D-035,(LA) Lower Arkansas GW,"Domestic, drinking",11/9/06,Ni - Nickel,Inorganic,0%,10,0,,ug/L,1,Final,
LA06WD36,Groundwater,(WD) Well - Domestic,PP-D-036,(LA) Lower Arkansas GW,"Domestic, non-drinking",11/9/06,Ni - Nickel,Inorganic,0%,10,0,,ug/L,1,Final,
LA06WD37,Groundwater,(WD) Well - Domestic,PP-D-037,(LA) Lower Arkansas GW,"Domestic, drinking",11/9/06,Ni - Nickel,Inorganic,0%,10,0,,ug/L,1,Final,
LA06WD38,Groundwater,(WD) Well - Domestic,PP-D-038,(LA) Lower Arkansas GW,"Domestic, drinking",11/30/06,Ni - Nickel,Inorganic,0%,10,0,,ug/L,1,Final,
LA06WD39,Groundwater,(WD) Well - Domestic,PP-D-039,(LA) Lower Arkansas GW,"Domestic, drinking",11/30/06,Ni - Nickel,Inorganic,0%,10,0,,ug/L,1,Final,
LA06WD40,Groundwater,(WD) Well - Domestic,PP-D-040,(LA) Lower Arkansas GW,"Domestic, drinking",11/30/06,Ni - Nickel,Inorganic,0%,10,0,,ug/L,1,Final,
LA06WD41,Groundwater,(WD) Well - Domestic,PP-D-041,(LA) Lower Arkansas GW,"Domestic, drinking",11/30/06,Ni - Nickel,Inorganic,0%,10,0,,ug/L,1,Final,
LA06WL42,Groundwater,(WL) Well - Livestock,PP-D-042,(LA) Lower Arkansas GW,Livestock,12/1/06,Ni - Nickel,Inorganic,0%,10,0,,ug/L,1,Final,
LA06WL43,Groundwater,(WL) Well - Livestock,PP-D-043,(LA) Lower Arkansas GW,Livestock,12/1/06,Ni - Nickel,Inorganic,0%,10,0,,ug/L,1,Final,
LA06WL44,Groundwater,(WL) Well - Livestock,PP-D-044,(LA) Lower Arkansas GW,Livestock,12/1/06,Ni - Nickel,Inorganic,0%,10,0,,ug/L,1,Final,
FRU06WD45,Groundwater,(WD) Well - Domestic,PP-D-045,(FRU) Front Range Urban GW,"Domestic, drinking",12/1/06,Ni - Nickel,Inorganic,0%,10,0,,ug/L,1,Final,
LA06WD46,Groundwater,(WD) Well - Domestic,PP-D-046,(LA) Lower Arkansas GW,Livestock,12/4/06,Ni - Nickel,Inorganic,0%,10,0,,ug/L,1,Final,
LA06WD47,Groundwater,(WD) Well - Domestic,PP-D-047,(LA) Lower Arkansas GW,"Domestic, non-drinking",12/4/06,Ni - Nickel,Inorganic,0%,10,0,,ug/L,1,Final,
LA06WD48,Groundwater,(WD) Well - Domestic,PP-D-048,(LA) Lower Arkansas GW,Livestock,12/4/06,Ni - Nickel,Inorganic,0%,10,0,,ug/L,1,Final,
LA06WD49,Groundwater,(WD) Well - Domestic,PP-D-049,(LA) Lower Arkansas GW,Commercial,12/7/06,Ni - Nickel,Inorganic,0%,10,0,,ug/L,1,Final,
LA06CI9,Groundwater,(CI) Well - Crop Irrigation,PP-I-009,(LA) Lower Arkansas GW,"Irrigation, Crop",9/26/06,Ni - Nickel,Inorganic,0%,10,0,,ug/L,1,Final,
FRU06WP2,Groundwater,(WP) Well - Public Supply,PP-D-002,(FRU) Front Range Urban GW,Public Supply,9/25/06,Pb - Lead,Inorganic,0%,5,0,,ug/L,1,Final,
LA06WD3,Groundwater,(WD) Well - Domestic,PP-D-003,(LA) Lower Arkansas GW,"Domestic, drinking",9/25/06,Pb - Lead,Inorganic,0%,5,0,,ug/L,1,Final,
LA06WD4,Groundwater,(WD) Well - Domestic,PP-D-004,(LA) Lower Arkansas GW,"Domestic, drinking",9/26/06,Pb - Lead,Inorganic,0%,5,0,,ug/L,1,Final,
LSP06WD5,Groundwater,(WD) Well - Domestic,PP-D-005,(LSP) Lower South Platte GW,"Domestic, drinking",9/26/06,Pb - Lead,Inorganic,0%,5,0,,ug/L,1,Final,
LSP06WD6,Groundwater,(WD) Well - Domestic,PP-D-006,(LSP) Lower South Platte GW,"Domestic, drinking",9/26/06,Pb - Lead,Inorganic,0%,5,0,,ug/L,1,Final,
LA06WD7,Groundwater,(WD) Well - Domestic,PP-D-007,(LA) Lower Arkansas GW,"Domestic, drinking",9/26/06,Pb - Lead,Inorganic,0%,5,0,,ug/L,1,Final,
LA06WD8,Groundwater,(WD) Well - Domestic,PP-D-008,(LA) Lower Arkansas GW,"Domestic, drinking",9/26/06,Pb - Lead,Inorganic,0%,5,0,,ug/L,1,Final,
LA06WD10,Groundwater,(WD) Well - Domestic,PP-D-010,(LA) Lower Arkansas GW,"Domestic, drinking",9/26/06,Pb - Lead,Inorganic,0%,5,0,,ug/L,1,Final,
LA06WD11,Groundwater,(WD) Well - Domestic,PP-D-011,(LA) Lower Arkansas GW,"Domestic, drinking",9/26/06,Pb - Lead,Inorganic,0%,5,0,,ug/L,1,Final,
LA06WD12,Groundwater,(WD) Well - Domestic,PP-D-012,(LA) Lower Arkansas GW,"Domestic, drinking",9/27/06,Pb - Lead,Inorganic,0%,5,0,,ug/L,1,Final,
LA06WD13,Groundwater,(WD) Well - Domestic,PP-D-013,(LA) Lower Arkansas GW,"Domestic, drinking",9/27/06,Pb - Lead,Inorganic,0%,5,0,,ug/L,1,Final,
LA06WP14,Groundwater,(WP) Well - Public Supply,PP-D-014,(LA) Lower Arkansas GW,Public Supply,9/27/06,Pb - Lead,Inorganic,0%,5,0,,ug/L,1,Final,
LA06WP15,Groundwater,(WP) Well - Public Supply,PP-D-015,(LA) Lower Arkansas GW,Public Supply,9/27/06,Pb - Lead,Inorganic,0%,5,0,,ug/L,1,Final,
LA06WD16,Groundwater,(WD) Well - Domestic,PP-D-016,(LA) Lower Arkansas GW,"Domestic, drinking",9/27/06,Pb - Lead,Inorganic,0%,5,0,,ug/L,1,Final,
MTN06WD17,Groundwater,(WD) Well - Domestic,PP-D-017,(MTN) Mountainous Area GW,"Domestic, drinking",9/28/06,Pb - Lead,Inorganic,0%,5,0,,ug/L,1,Final,
FRU06WD18,Groundwater,(WD) Well - Domestic,PP-D-018,(FRU) Front Range Urban GW,"Domestic, drinking",9/28/06,Pb - Lead,Inorganic,0%,5,0,,ug/L,1,Final,
FRU06WD19,Groundwater,(WD) Well - Domestic,PP-D-019,(FRU) Front Range Urban GW,"Domestic, drinking",9/28/06,Pb - Lead,Inorganic,0%,5,0,,ug/L,1,Final,
FRU06WP20,Groundwater,(WP) Well - Public Supply,PP-D-020,(FRU) Front Range Urban GW,Public Supply,9/28/06,Pb - Lead,Inorganic,0%,5,0,,ug/L,1,Final,
LA06WD21,Groundwater,(WD) Well - Domestic,PP-D-021,(LA) Lower Arkansas GW,"Domestic, drinking",9/28/06,Pb - Lead,Inorganic,0%,5,0,,ug/L,1,Final,
LA06WD22,Groundwater,(WD) Well - Domestic,PP-D-022,(LA) Lower Arkansas GW,"Domestic, drinking",9/28/06,Pb - Lead,Inorganic,0%,5,0,,ug/L,1,Final,
FRU06WD23,Groundwater,(WD) Well - Domestic,PP-D-023,(FRU) Front Range Urban GW,"Domestic, drinking",9/28/06,Pb - Lead,Inorganic,0%,5,0,,ug/L,1,Final,
FRU06WD24,Groundwater,(WD) Well - Domestic,PP-D-024,(FRU) Front Range Urban GW,"Domestic, drinking",9/29/06,Pb - Lead,Inorganic,0%,5,0,,ug/L,1,Final,
FRU06WD25,Groundwater,(WD) Well - Domestic,PP-D-025,(FRU) Front Range Urban GW,"Domestic, non-drinking",9/29/06,Pb - Lead,Inorganic,0%,5,0,,ug/L,1,Final,
LA06WD26,Groundwater,(WD) Well - Domestic,PP-D-026,(LA) Lower Arkansas GW,"Domestic, drinking",11/7/06,Pb - Lead,Inorganic,0%,5,0,,ug/L,1,Final,
LA06WD27,Groundwater,(WD) Well - Domestic,PP-D-027,(LA) Lower Arkansas GW,Commercial,11/7/06,Pb - Lead,Inorganic,0%,5,0,,ug/L,1,Final,
LA06WD28,Groundwater,(WD) Well - Domestic,PP-D-028,(LA) Lower Arkansas GW,"Domestic, drinking",11/7/06,Pb - Lead,Inorganic,0%,5,0,,ug/L,1,Final,
LA06WD29,Groundwater,(WD) Well - Domestic,PP-D-029,(LA) Lower Arkansas GW,"Domestic, drinking",11/8/06,Pb - Lead,Inorganic,0%,5,0,,ug/L,1,Final,
FRU06WC30,Groundwater,(WC) Well - Commercial,PP-D-030,(FRU) Front Range Urban GW,Commercial,11/8/06,Pb - Lead,Inorganic,0%,5,0,,ug/L,1,Final,
FRU06WD31,Groundwater,(WD) Well - Domestic,PP-D-031,(FRU) Front Range Urban GW,"Domestic, drinking",11/8/06,Pb - Lead,Inorganic,0%,5,0,,ug/L,1,Final,
FRU06WR32,Groundwater,(WR) Well - Recreation,PP-D-032,(FRU) Front Range Urban GW,Recreation,11/8/06,Pb - Lead,Inorganic,0%,5,0,,ug/L,1,Final,
LA06WD33,Groundwater,(WD) Well - Domestic,PP-D-033,(LA) Lower Arkansas GW,"Domestic, non-drinking",11/8/06,Pb - Lead,Inorganic,0%,5,0,,ug/L,1,Final,
LA06WD34,Groundwater,(WD) Well - Domestic,PP-D-034,(LA) Lower Arkansas GW,"Domestic, drinking",11/9/06,Pb - Lead,Inorganic,0%,5,0,,ug/L,1,Final,
LA06WD35,Groundwater,(WD) Well - Domestic,PP-D-035,(LA) Lower Arkansas GW,"Domestic, drinking",11/9/06,Pb - Lead,Inorganic,0%,5,0,,ug/L,1,Final,
LA06WD36,Groundwater,(WD) Well - Domestic,PP-D-036,(LA) Lower Arkansas GW,"Domestic, non-drinking",11/9/06,Pb - Lead,Inorganic,0%,5,0,,ug/L,1,Final,
LA06WD37,Groundwater,(WD) Well - Domestic,PP-D-037,(LA) Lower Arkansas GW,"Domestic, drinking",11/9/06,Pb - Lead,Inorganic,0%,5,0,,ug/L,1,Final,
LA06WD38,Groundwater,(WD) Well - Domestic,PP-D-038,(LA) Lower Arkansas GW,"Domestic, drinking",11/30/06,Pb - Lead,Inorganic,0%,5,0,,ug/L,1,Final,
LA06WD39,Groundwater,(WD) Well - Domestic,PP-D-039,(LA) Lower Arkansas GW,"Domestic, drinking",11/30/06,Pb - Lead,Inorganic,0%,5,0,,ug/L,1,Final,
LA06WD40,Groundwater,(WD) Well - Domestic,PP-D-040,(LA) Lower Arkansas GW,"Domestic, drinking",11/30/06,Pb - Lead,Inorganic,0%,5,0,,ug/L,1,Final,
LA06WD41,Groundwater,(WD) Well - Domestic,PP-D-041,(LA) Lower Arkansas GW,"Domestic, drinking",11/30/06,Pb - Lead,Inorganic,0%,5,0,,ug/L,1,Final,
LA06WL42,Groundwater,(WL) Well - Livestock,PP-D-042,(LA) Lower Arkansas GW,Livestock,12/1/06,Pb - Lead,Inorganic,0%,5,0,,ug/L,1,Final,
LA06WL43,Groundwater,(WL) Well - Livestock,PP-D-043,(LA) Lower Arkansas GW,Livestock,12/1/06,Pb - Lead,Inorganic,0%,5,0,,ug/L,1,Final,
LA06WL44,Groundwater,(WL) Well - Livestock,PP-D-044,(LA) Lower Arkansas GW,Livestock,12/1/06,Pb - Lead,Inorganic,0%,5,0,,ug/L,1,Final,
FRU06WD45,Groundwater,(WD) Well - Domestic,PP-D-045,(FRU) Front Range Urban GW,"Domestic, drinking",12/1/06,Pb - Lead,Inorganic,0%,5,0,,ug/L,1,Final,
LA06WD46,Groundwater,(WD) Well - Domestic,PP-D-046,(LA) Lower Arkansas GW,Livestock,12/4/06,Pb - Lead,Inorganic,0%,5,0,,ug/L,1,Final,
LA06WD47,Groundwater,(WD) Well - Domestic,PP-D-047,(LA) Lower Arkansas GW,"Domestic, non-drinking",12/4/06,Pb - Lead,Inorganic,0%,5,0,,ug/L,1,Final,
LA06WD48,Groundwater,(WD) Well - Domestic,PP-D-048,(LA) Lower Arkansas GW,Livestock,12/4/06,Pb - Lead,Inorganic,0%,5,0,,ug/L,1,Final,
LA06WD49,Groundwater,(WD) Well - Domestic,PP-D-049,(LA) Lower Arkansas GW,Commercial,12/7/06,Pb - Lead,Inorganic,0%,5,0,,ug/L,1,Final,
LA06CI9,Groundwater,(CI) Well - Crop Irrigation,PP-I-009,(LA) Lower Arkansas GW,"Irrigation, Crop",9/26/06,Pb - Lead,Inorganic,0%,5,0,,ug/L,1,Final,
FRU06WP2,Groundwater,(WP) Well - Public Supply,PP-D-002,(FRU) Front Range Urban GW,Public Supply,9/25/06,Zn - Zinc,Inorganic,0%,10,0,,ug/L,1,Final,
LA06WD3,Groundwater,(WD) Well - Domestic,PP-D-003,(LA) Lower Arkansas GW,"Domestic, drinking",9/25/06,Zn - Zinc,Inorganic,0%,10,0,,ug/L,1,Final,
LA06WD4,Groundwater,(WD) Well - Domestic,PP-D-004,(LA) Lower Arkansas GW,"Domestic, drinking",9/26/06,Zn - Zinc,Inorganic,0%,10,0,,ug/L,1,Final,
LSP06WD5,Groundwater,(WD) Well - Domestic,PP-D-005,(LSP) Lower South Platte GW,"Domestic, drinking",9/26/06,Zn - Zinc,Inorganic,0%,10,0,,ug/L,1,Final,
LSP06WD6,Groundwater,(WD) Well - Domestic,PP-D-006,(LSP) Lower South Platte GW,"Domestic, drinking",9/26/06,Zn - Zinc,Inorganic,0%,10,0,,ug/L,1,Final,
LA06WD10,Groundwater,(WD) Well - Domestic,PP-D-010,(LA) Lower Arkansas GW,"Domestic, drinking",9/26/06,Zn - Zinc,Inorganic,0%,10,0,,ug/L,1,Final,
LA06WD11,Groundwater,(WD) Well - Domestic,PP-D-011,(LA) Lower Arkansas GW,"Domestic, drinking",9/26/06,Zn - Zinc,Inorganic,0%,10,0,,ug/L,1,Final,
LA06WP14,Groundwater,(WP) Well - Public Supply,PP-D-014,(LA) Lower Arkansas GW,Public Supply,9/27/06,Zn - Zinc,Inorganic,0%,10,0,,ug/L,1,Final,
LA06WP15,Groundwater,(WP) Well - Public Supply,PP-D-015,(LA) Lower Arkansas GW,Public Supply,9/27/06,Zn - Zinc,Inorganic,0%,10,0,,ug/L,1,Final,
FRU06WD18,Groundwater,(WD) Well - Domestic,PP-D-018,(FRU) Front Range Urban GW,"Domestic, drinking",9/28/06,Zn - Zinc,Inorganic,0%,10,0,,ug/L,1,Final,
FRU06WD19,Groundwater,(WD) Well - Domestic,PP-D-019,(FRU) Front Range Urban GW,"Domestic, drinking",9/28/06,Zn - Zinc,Inorganic,0%,10,0,,ug/L,1,Final,
FRU06WP20,Groundwater,(WP) Well - Public Supply,PP-D-020,(FRU) Front Range Urban GW,Public Supply,9/28/06,Zn - Zinc,Inorganic,0%,10,0,,ug/L,1,Final,
FRU06WD23,Groundwater,(WD) Well - Domestic,PP-D-023,(FRU) Front Range Urban GW,"Domestic, drinking",9/28/06,Zn - Zinc,Inorganic,0%,10,0,,ug/L,1,Final,
FRU06WD24,Groundwater,(WD) Well - Domestic,PP-D-024,(FRU) Front Range Urban GW,"Domestic, drinking",9/29/06,Zn - Zinc,Inorganic,0%,10,0,,ug/L,1,Final,
FRU06WD25,Groundwater,(WD) Well - Domestic,PP-D-025,(FRU) Front Range Urban GW,"Domestic, non-drinking",9/29/06,Zn - Zinc,Inorganic,0%,10,0,,ug/L,1,Final,
LA06WD26,Groundwater,(WD) Well - Domestic,PP-D-026,(LA) Lower Arkansas GW,"Domestic, drinking",11/7/06,Zn - Zinc,Inorganic,0%,10,0,,ug/L,1,Final,
LA06WD29,Groundwater,(WD) Well - Domestic,PP-D-029,(LA) Lower Arkansas GW,"Domestic, drinking",11/8/06,Zn - Zinc,Inorganic,0%,10,0,,ug/L,1,Final,
FRU06WC30,Groundwater,(WC) Well - Commercial,PP-D-030,(FRU) Front Range Urban GW,Commercial,11/8/06,Zn - Zinc,Inorganic,0%,10,0,,ug/L,1,Final,
LA06WD33,Groundwater,(WD) Well - Domestic,PP-D-033,(LA) Lower Arkansas GW,"Domestic, non-drinking",11/8/06,Zn - Zinc,Inorganic,0%,10,0,,ug/L,1,Final,
LA06WD34,Groundwater,(WD) Well - Domestic,PP-D-034,(LA) Lower Arkansas GW,"Domestic, drinking",11/9/06,Zn - Zinc,Inorganic,0%,10,0,,ug/L,1,Final,
LA06WD37,Groundwater,(WD) Well - Domestic,PP-D-037,(LA) Lower Arkansas GW,"Domestic, drinking",11/9/06,Zn - Zinc,Inorganic,0%,10,0,,ug/L,1,Final,
LA06WD38,Groundwater,(WD) Well - Domestic,PP-D-038,(LA) Lower Arkansas GW,"Domestic, drinking",11/30/06,Zn - Zinc,Inorganic,0%,10,0,,ug/L,1,Final,
LA06WD39,Groundwater,(WD) Well - Domestic,PP-D-039,(LA) Lower Arkansas GW,"Domestic, drinking",11/30/06,Zn - Zinc,Inorganic,0%,10,0,,ug/L,1,Final,
LA06WL43,Groundwater,(WL) Well - Livestock,PP-D-043,(LA) Lower Arkansas GW,Livestock,12/1/06,Zn - Zinc,Inorganic,0%,10,0,,ug/L,1,Final,
LA06WD49,Groundwater,(WD) Well - Domestic,PP-D-049,(LA) Lower Arkansas GW,Commercial,12/7/06,Zn - Zinc,Inorganic,0%,10,0,,ug/L,1,Final,
LA06CI9,Groundwater,(CI) Well - Crop Irrigation,PP-I-009,(LA) Lower Arkansas GW,"Irrigation, Crop",9/26/06,Zn - Zinc,Inorganic,0%,10,0,,ug/L,1,Final,
FRU08WM167,Groundwater,(WM) Well - Monitoring,FR-M-167,(FRU) Front Range Urban GW,No Direct Use (WM),6/12/13,B - Boron,Inorganic,0%,10,0,,ug/L,1,Final,
FRU08WM168,Groundwater,(WM) Well - Monitoring,FR-M-168,(FRU) Front Range Urban GW,No Direct Use (WM),6/10/13,B - Boron,Inorganic,0%,10,0,,ug/L,1,Final,
FRU08WM169D,Groundwater,(WM) Well - Monitoring,FR-M-169D,(FRU) Front Range Urban GW,No Direct Use (WM),6/10/13,B - Boron,Inorganic,0%,10,0,,ug/L,1,Final,
FRU08WM169S,Groundwater,(WM) Well - Monitoring,FR-M-169S,(FRU) Front Range Urban GW,No Direct Use (WM),6/10/13,B - Boron,Inorganic,0%,10,0,,ug/L,1,Final,
FRU08WM170,Groundwater,(WM) Well - Monitoring,FR-M-170,(FRU) Front Range Urban GW,No Direct Use (WM),6/11/13,B - Boron,Inorganic,0%,10,0,,ug/L,1,Final,
FRU08WM171,Groundwater,(WM) Well - Monitoring,FR-M-171,(FRU) Front Range Urban GW,No Direct Use (WM),6/12/13,B - Boron,Inorganic,0%,10,0,,ug/L,1,Final,
FRU08WM172,Groundwater,(WM) Well - Monitoring,FR-M-172,(FRU) Front Range Urban GW,No Direct Use (WM),6/12/13,B - Boron,Inorganic,0%,10,0,,ug/L,1,Final,
FRU08WM173D,Groundwater,(WM) Well - Monitoring,FR-M-173D,(FRU) Front Range Urban GW,No Direct Use (WM),6/11/13,B - Boron,Inorganic,0%,10,0,,ug/L,1,Final,
FRU08WM173S,Groundwater,(WM) Well - Monitoring,FR-M-173S,(FRU) Front Range Urban GW,No Direct Use (WM),6/11/13,B - Boron,Inorganic,0%,10,0,,ug/L,1,Final,
FRU08WM174,Groundwater,(WM) Well - Monitoring,FR-M-174,(FRU) Front Range Urban GW,No Direct Use (WM),6/10/13,B - Boron,Inorganic,0%,10,0,,ug/L,1,Final,
FRU08WM175,Groundwater,(WM) Well - Monitoring,FR-M-175,(FRU) Front Range Urban GW,No Direct Use (WM),6/10/13,B - Boron,Inorganic,0%,10,0,,ug/L,1,Final,
FRU06WP2,Groundwater,(WP) Well - Public Supply,PP-D-002,(FRU) Front Range Urban GW,Public Supply,9/25/06,B - Boron,Inorganic,0%,10,0,,ug/L,1,Final,
LA06WD3,Groundwater,(WD) Well - Domestic,PP-D-003,(LA) Lower Arkansas GW,"Domestic, drinking",9/25/06,B - Boron,Inorganic,0%,10,0,,ug/L,1,Final,
LA06WD4,Groundwater,(WD) Well - Domestic,PP-D-004,(LA) Lower Arkansas GW,"Domestic, drinking",9/26/06,B - Boron,Inorganic,0%,10,0,,ug/L,1,Final,
LSP06WD5,Groundwater,(WD) Well - Domestic,PP-D-005,(LSP) Lower South Platte GW,"Domestic, drinking",9/26/06,B - Boron,Inorganic,0%,10,0,,ug/L,1,Final,
LSP06WD6,Groundwater,(WD) Well - Domestic,PP-D-006,(LSP) Lower South Platte GW,"Domestic, drinking",9/26/06,B - Boron,Inorganic,0%,10,0,,ug/L,1,Final,
LA06WD7,Groundwater,(WD) Well - Domestic,PP-D-007,(LA) Lower Arkansas GW,"Domestic, drinking",9/26/06,B - Boron,Inorganic,0%,10,0,,ug/L,1,Final,
LA06WD8,Groundwater,(WD) Well - Domestic,PP-D-008,(LA) Lower Arkansas GW,"Domestic, drinking",9/26/06,B - Boron,Inorganic,0%,10,0,,ug/L,1,Final,
LA06WD10,Groundwater,(WD) Well - Domestic,PP-D-010,(LA) Lower Arkansas GW,"Domestic, drinking",9/26/06,B - Boron,Inorganic,0%,10,0,,ug/L,1,Final,
LA06WD11,Groundwater,(WD) Well - Domestic,PP-D-011,(LA) Lower Arkansas GW,"Domestic, drinking",9/26/06,B - Boron,Inorganic,0%,10,0,,ug/L,1,Final,
LA06WD12,Groundwater,(WD) Well - Domestic,PP-D-012,(LA) Lower Arkansas GW,"Domestic, drinking",9/27/06,B - Boron,Inorganic,0%,10,0,,ug/L,1,Final,
LA06WD13,Groundwater,(WD) Well - Domestic,PP-D-013,(LA) Lower Arkansas GW,"Domestic, drinking",9/27/06,B - Boron,Inorganic,0%,10,0,,ug/L,1,Final,
LA06WP14,Groundwater,(WP) Well - Public Supply,PP-D-014,(LA) Lower Arkansas GW,Public Supply,9/27/06,B - Boron,Inorganic,0%,10,0,,ug/L,1,Final,
LA06WP15,Groundwater,(WP) Well - Public Supply,PP-D-015,(LA) Lower Arkansas GW,Public Supply,9/27/06,B - Boron,Inorganic,0%,10,0,,ug/L,1,Final,
MTN06WD17,Groundwater,(WD) Well - Domestic,PP-D-017,(MTN) Mountainous Area GW,"Domestic, drinking",9/28/06,B - Boron,Inorganic,0%,10,0,,ug/L,1,Final,
FRU06WD18,Groundwater,(WD) Well - Domestic,PP-D-018,(FRU) Front Range Urban GW,"Domestic, drinking",9/28/06,B - Boron,Inorganic,0%,10,0,,ug/L,1,Final,
LA06WD22,Groundwater,(WD) Well - Domestic,PP-D-022,(LA) Lower Arkansas GW,"Domestic, drinking",9/28/06,B - Boron,Inorganic,0%,10,0,,ug/L,1,Final,
FRU06WD23,Groundwater,(WD) Well - Domestic,PP-D-023,(FRU) Front Range Urban GW,"Domestic, drinking",9/28/06,B - Boron,Inorganic,0%,10,0,,ug/L,1,Final,
FRU06WD24,Groundwater,(WD) Well - Domestic,PP-D-024,(FRU) Front Range Urban GW,"Domestic, drinking",9/29/06,B - Boron,Inorganic,0%,10,0,,ug/L,1,Final,
FRU06WD25,Groundwater,(WD) Well - Domestic,PP-D-025,(FRU) Front Range Urban GW,"Domestic, non-drinking",9/29/06,B - Boron,Inorganic,0%,10,0,,ug/L,1,Final,
LA06WD38,Groundwater,(WD) Well - Domestic,PP-D-038,(LA) Lower Arkansas GW,"Domestic, drinking",11/30/06,B - Boron,Inorganic,0%,10,0,,ug/L,1,Final,
LA06WD39,Groundwater,(WD) Well - Domestic,PP-D-039,(LA) Lower Arkansas GW,"Domestic, drinking",11/30/06,B - Boron,Inorganic,0%,10,0,,ug/L,1,Final,
LA06WD40,Groundwater,(WD) Well - Domestic,PP-D-040,(LA) Lower Arkansas GW,"Domestic, drinking",11/30/06,B - Boron,Inorganic,0%,10,0,,ug/L,1,Final,
LA06WD41,Groundwater,(WD) Well - Domestic,PP-D-041,(LA) Lower Arkansas GW,"Domestic, drinking",11/30/06,B - Boron,Inorganic,0%,10,0,,ug/L,1,Final,
LA06WL42,Groundwater,(WL) Well - Livestock,PP-D-042,(LA) Lower Arkansas GW,Livestock,12/1/06,B - Boron,Inorganic,0%,10,0,,ug/L,1,Final,
LA06WL43,Groundwater,(WL) Well - Livestock,PP-D-043,(LA) Lower Arkansas GW,Livestock,12/1/06,B - Boron,Inorganic,0%,10,0,,ug/L,1,Final,
LA06WL44,Groundwater,(WL) Well - Livestock,PP-D-044,(LA) Lower Arkansas GW,Livestock,12/1/06,B - Boron,Inorganic,0%,10,0,,ug/L,1,Final,
FRU06WD45,Groundwater,(WD) Well - Domestic,PP-D-045,(FRU) Front Range Urban GW,"Domestic, drinking",12/1/06,B - Boron,Inorganic,0%,10,0,,ug/L,1,Final,
LA06CI9,Groundwater,(CI) Well - Crop Irrigation,PP-I-009,(LA) Lower Arkansas GW,"Irrigation, Crop",9/26/06,B - Boron,Inorganic,0%,10,0,,ug/L,1,Final,
FRU08WM167,Groundwater,(WM) Well - Monitoring,FR-M-167,(FRU) Front Range Urban GW,No Direct Use (WM),5/29/08,CO3 - Carbonate,Inorganic,0%,0.1,0,,mg/L,1,Final,
FRU08WM168,Groundwater,(WM) Well - Monitoring,FR-M-168,(FRU) Front Range Urban GW,No Direct Use (WM),5/29/08,CO3 - Carbonate,Inorganic,0%,0.1,0,,mg/L,1,Final,
FRU08WM169D,Groundwater,(WM) Well - Monitoring,FR-M-169D,(FRU) Front Range Urban GW,No Direct Use (WM),5/28/08,CO3 - Carbonate,Inorganic,0%,0.1,0,,mg/L,1,Final,
FRU08WM169S,Groundwater,(WM) Well - Monitoring,FR-M-169S,(FRU) Front Range Urban GW,No Direct Use (WM),5/28/08,CO3 - Carbonate,Inorganic,0%,0.1,0,,mg/L,1,Final,
FRU08WM170,Groundwater,(WM) Well - Monitoring,FR-M-170,(FRU) Front Range Urban GW,No Direct Use (WM),5/27/08,CO3 - Carbonate,Inorganic,0%,0.1,0,,mg/L,1,Final,
FRU08WM171,Groundwater,(WM) Well - Monitoring,FR-M-171,(FRU) Front Range Urban GW,No Direct Use (WM),5/29/08,CO3 - Carbonate,Inorganic,0%,0.1,0,,mg/L,1,Final,
FRU08WM172,Groundwater,(WM) Well - Monitoring,FR-M-172,(FRU) Front Range Urban GW,No Direct Use (WM),5/27/08,CO3 - Carbonate,Inorganic,0%,0.1,0,,mg/L,1,Final,
FRU08WM173D,Groundwater,(WM) Well - Monitoring,FR-M-173D,(FRU) Front Range Urban GW,No Direct Use (WM),5/28/08,CO3 - Carbonate,Inorganic,0%,0.1,0,,mg/L,1,Final,
FRU08WM173S,Groundwater,(WM) Well - Monitoring,FR-M-173S,(FRU) Front Range Urban GW,No Direct Use (WM),5/28/08,CO3 - Carbonate,Inorganic,0%,0.1,0,,mg/L,1,Final,
FRU08WM174,Groundwater,(WM) Well - Monitoring,FR-M-174,(FRU) Front Range Urban GW,No Direct Use (WM),5/28/08,CO3 - Carbonate,Inorganic,0%,0.1,0,,mg/L,1,Final,
FRU08WM175,Groundwater,(WM) Well - Monitoring,FR-M-175,(FRU) Front Range Urban GW,No Direct Use (WM),5/27/08,CO3 - Carbonate,Inorganic,0%,0.1,0,,mg/L,1,Final,
FRU06WP2,Groundwater,(WP) Well - Public Supply,PP-D-002,(FRU) Front Range Urban GW,Public Supply,9/25/06,CO3 - Carbonate,Inorganic,0%,0.1,0,,mg/L,1,Final,
LA06WD3,Groundwater,(WD) Well - Domestic,PP-D-003,(LA) Lower Arkansas GW,"Domestic, drinking",9/25/06,CO3 - Carbonate,Inorganic,0%,0.1,0,,mg/L,1,Final,
LA06WD4,Groundwater,(WD) Well - Domestic,PP-D-004,(LA) Lower Arkansas GW,"Domestic, drinking",9/26/06,CO3 - Carbonate,Inorganic,0%,0.1,0,,mg/L,1,Final,
LSP06WD5,Groundwater,(WD) Well - Domestic,PP-D-005,(LSP) Lower South Platte GW,"Domestic, drinking",9/26/06,CO3 - Carbonate,Inorganic,0%,0.1,0,,mg/L,1,Final,
LSP06WD6,Groundwater,(WD) Well - Domestic,PP-D-006,(LSP) Lower South Platte GW,"Domestic, drinking",9/26/06,CO3 - Carbonate,Inorganic,0%,0.1,0,,mg/L,1,Final,
LA06WD7,Groundwater,(WD) Well - Domestic,PP-D-007,(LA) Lower Arkansas GW,"Domestic, drinking",9/26/06,CO3 - Carbonate,Inorganic,0%,0.1,0,,mg/L,1,Final,
LA06WD8,Groundwater,(WD) Well - Domestic,PP-D-008,(LA) Lower Arkansas GW,"Domestic, drinking",9/26/06,CO3 - Carbonate,Inorganic,0%,0.1,0,,mg/L,1,Final,
LA06WD10,Groundwater,(WD) Well - Domestic,PP-D-010,(LA) Lower Arkansas GW,"Domestic, drinking",9/26/06,CO3 - Carbonate,Inorganic,0%,0.1,0,,mg/L,1,Final,
LA06WD11,Groundwater,(WD) Well - Domestic,PP-D-011,(LA) Lower Arkansas GW,"Domestic, drinking",9/26/06,CO3 - Carbonate,Inorganic,0%,0.1,0,,mg/L,1,Final,
LA06WD12,Groundwater,(WD) Well - Domestic,PP-D-012,(LA) Lower Arkansas GW,"Domestic, drinking",9/27/06,CO3 - Carbonate,Inorganic,0%,0.1,0,,mg/L,1,Final,
LA06WD13,Groundwater,(WD) Well - Domestic,PP-D-013,(LA) Lower Arkansas GW,"Domestic, drinking",9/27/06,CO3 - Carbonate,Inorganic,0%,0.1,0,,mg/L,1,Final,
LA06WP14,Groundwater,(WP) Well - Public Supply,PP-D-014,(LA) Lower Arkansas GW,Public Supply,9/27/06,CO3 - Carbonate,Inorganic,0%,0.1,0,,mg/L,1,Final,
LA06WP15,Groundwater,(WP) Well - Public Supply,PP-D-015,(LA) Lower Arkansas GW,Public Supply,9/27/06,CO3 - Carbonate,Inorganic,0%,0.1,0,,mg/L,1,Final,
LA06WD16,Groundwater,(WD) Well - Domestic,PP-D-016,(LA) Lower Arkansas GW,"Domestic, drinking",9/27/06,CO3 - Carbonate,Inorganic,0%,0.1,0,,mg/L,1,Final,
MTN06WD17,Groundwater,(WD) Well - Domestic,PP-D-017,(MTN) Mountainous Area GW,"Domestic, drinking",9/28/06,CO3 - Carbonate,Inorganic,0%,0.1,0,,mg/L,1,Final,
FRU06WD18,Groundwater,(WD) Well - Domestic,PP-D-018,(FRU) Front Range Urban GW,"Domestic, drinking",9/28/06,CO3 - Carbonate,Inorganic,0%,0.1,0,,mg/L,1,Final,
FRU06WD19,Groundwater,(WD) Well - Domestic,PP-D-019,(FRU) Front Range Urban GW,"Domestic, drinking",9/28/06,CO3 - Carbonate,Inorganic,0%,0.1,0,,mg/L,1,Final,
FRU06WP20,Groundwater,(WP) Well - Public Supply,PP-D-020,(FRU) Front Range Urban GW,Public Supply,9/28/06,CO3 - Carbonate,Inorganic,0%,0.1,0,,mg/L,1,Final,
LA06WD21,Groundwater,(WD) Well - Domestic,PP-D-021,(LA) Lower Arkansas GW,"Domestic, drinking",9/28/06,CO3 - Carbonate,Inorganic,0%,0.1,0,,mg/L,1,Final,
LA06WD22,Groundwater,(WD) Well - Domestic,PP-D-022,(LA) Lower Arkansas GW,"Domestic, drinking",9/28/06,CO3 - Carbonate,Inorganic,0%,0.1,0,,mg/L,1,Final,
FRU06WD23,Groundwater,(WD) Well - Domestic,PP-D-023,(FRU) Front Range Urban GW,"Domestic, drinking",9/28/06,CO3 - Carbonate,Inorganic,0%,0.1,0,,mg/L,1,Final,
FRU06WD24,Groundwater,(WD) Well - Domestic,PP-D-024,(FRU) Front Range Urban GW,"Domestic, drinking",9/29/06,CO3 - Carbonate,Inorganic,0%,0.1,0,,mg/L,1,Final,
FRU06WD25,Groundwater,(WD) Well - Domestic,PP-D-025,(FRU) Front Range Urban GW,"Domestic, non-drinking",9/29/06,CO3 - Carbonate,Inorganic,0%,0.1,0,,mg/L,1,Final,
LA06WD26,Groundwater,(WD) Well - Domestic,PP-D-026,(LA) Lower Arkansas GW,"Domestic, drinking",11/7/06,CO3 - Carbonate,Inorganic,0%,0.1,0,,mg/L,1,Final,
LA06WD27,Groundwater,(WD) Well - Domestic,PP-D-027,(LA) Lower Arkansas GW,Commercial,11/7/06,CO3 - Carbonate,Inorganic,0%,0.1,0,,mg/L,1,Final,
LA06WD28,Groundwater,(WD) Well - Domestic,PP-D-028,(LA) Lower Arkansas GW,"Domestic, drinking",11/7/06,CO3 - Carbonate,Inorganic,0%,0.1,0,,mg/L,1,Final,
LA06WD29,Groundwater,(WD) Well - Domestic,PP-D-029,(LA) Lower Arkansas GW,"Domestic, drinking",11/8/06,CO3 - Carbonate,Inorganic,0%,0.1,0,,mg/L,1,Final,
FRU06WC30,Groundwater,(WC) Well - Commercial,PP-D-030,(FRU) Front Range Urban GW,Commercial,11/8/06,CO3 - Carbonate,Inorganic,0%,0.1,0,,mg/L,1,Final,
FRU06WD31,Groundwater,(WD) Well - Domestic,PP-D-031,(FRU) Front Range Urban GW,"Domestic, drinking",11/8/06,CO3 - Carbonate,Inorganic,0%,0.1,0,,mg/L,1,Final,
FRU06WR32,Groundwater,(WR) Well - Recreation,PP-D-032,(FRU) Front Range Urban GW,Recreation,11/8/06,CO3 - Carbonate,Inorganic,0%,0.1,0,,mg/L,1,Final,
LA06WD33,Groundwater,(WD) Well - Domestic,PP-D-033,(LA) Lower Arkansas GW,"Domestic, non-drinking",11/8/06,CO3 - Carbonate,Inorganic,0%,0.1,0,,mg/L,1,Final,
LA06WD34,Groundwater,(WD) Well - Domestic,PP-D-034,(LA) Lower Arkansas GW,"Domestic, drinking",11/9/06,CO3 - Carbonate,Inorganic,0%,0.1,0,,mg/L,1,Final,
LA06WD35,Groundwater,(WD) Well - Domestic,PP-D-035,(LA) Lower Arkansas GW,"Domestic, drinking",11/9/06,CO3 - Carbonate,Inorganic,0%,0.1,0,,mg/L,1,Final,
LA06WD36,Groundwater,(WD) Well - Domestic,PP-D-036,(LA) Lower Arkansas GW,"Domestic, non-drinking",11/9/06,CO3 - Carbonate,Inorganic,0%,0.1,0,,mg/L,1,Final,
LA06WD38,Groundwater,(WD) Well - Domestic,PP-D-038,(LA) Lower Arkansas GW,"Domestic, drinking",11/30/06,CO3 - Carbonate,Inorganic,0%,0.1,0,,mg/L,1,Final,
LA06WD39,Groundwater,(WD) Well - Domestic,PP-D-039,(LA) Lower Arkansas GW,"Domestic, drinking",11/30/06,CO3 - Carbonate,Inorganic,0%,0.1,0,,mg/L,1,Final,
LA06WD40,Groundwater,(WD) Well - Domestic,PP-D-040,(LA) Lower Arkansas GW,"Domestic, drinking",11/30/06,CO3 - Carbonate,Inorganic,0%,0.1,0,,mg/L,1,Final,
LA06WD41,Groundwater,(WD) Well - Domestic,PP-D-041,(LA) Lower Arkansas GW,"Domestic, drinking",11/30/06,CO3 - Carbonate,Inorganic,0%,0.1,0,,mg/L,1,Final,
LA06WL42,Groundwater,(WL) Well - Livestock,PP-D-042,(LA) Lower Arkansas GW,Livestock,12/1/06,CO3 - Carbonate,Inorganic,0%,0.1,0,,mg/L,1,Final,
LA06WL43,Groundwater,(WL) Well - Livestock,PP-D-043,(LA) Lower Arkansas GW,Livestock,12/1/06,CO3 - Carbonate,Inorganic,0%,0.1,0,,mg/L,1,Final,
LA06WL44,Groundwater,(WL) Well - Livestock,PP-D-044,(LA) Lower Arkansas GW,Livestock,12/1/06,CO3 - Carbonate,Inorganic,0%,0.1,0,,mg/L,1,Final,
FRU06WD45,Groundwater,(WD) Well - Domestic,PP-D-045,(FRU) Front Range Urban GW,"Domestic, drinking",12/1/06,CO3 - Carbonate,Inorganic,0%,0.1,0,,mg/L,1,Final,
LA06WD46,Groundwater,(WD) Well - Domestic,PP-D-046,(LA) Lower Arkansas GW,Livestock,12/4/06,CO3 - Carbonate,Inorganic,0%,0.1,0,,mg/L,1,Final,
LA06WD47,Groundwater,(WD) Well - Domestic,PP-D-047,(LA) Lower Arkansas GW,"Domestic, non-drinking",12/4/06,CO3 - Carbonate,Inorganic,0%,0.1,0,,mg/L,1,Final,
LA06WD48,Groundwater,(WD) Well - Domestic,PP-D-048,(LA) Lower Arkansas GW,Livestock,12/4/06,CO3 - Carbonate,Inorganic,0%,0.1,0,,mg/L,1,Final,
LA06CI9,Groundwater,(CI) Well - Crop Irrigation,PP-I-009,(LA) Lower Arkansas GW,"Irrigation, Crop",9/26/06,CO3 - Carbonate,Inorganic,0%,0.1,0,,mg/L,1,Final,