SiteID,SiteGroup,SiteType,SiteName,MonitoringRegion,UsagePrim,EventDate,Analyte Name,Analyte Type,DetectFrequency,Result,Qualifier,QualifierType,Units,BDLIndicator,ResultStatus,ResultNote
FRU08WM174,Groundwater,(WM) Well - Monitoring,FR-M-174,(FRU) Front Range Urban GW,No Direct Use (WM),7/1/24,NH3N - Ammonia (un-ionized) as Nitrogen,Nutrient,0%,0.01,0,,mg/L,1,Final,
FRU08WM175,Groundwater,(WM) Well - Monitoring,FR-M-175,(FRU) Front Range Urban GW,No Direct Use (WM),7/1/24,NH3N - Ammonia (un-ionized) as Nitrogen,Nutrient,0%,0.01,0,,mg/L,1,Final,
FRU08WM167,Groundwater,(WM) Well - Monitoring,FR-M-167,(FRU) Front Range Urban GW,No Direct Use (WM),6/28/16,NO2N - Nitrite as Nitrogen (NO2-N),Nutrient,0%,0.05,0,,mg/L,1,Final,
FRU08WM167,Groundwater,(WM) Well - Monitoring,FR-M-167,(FRU) Front Range Urban GW,No Direct Use (WM),6/12/13,NO2N - Nitrite as Nitrogen (NO2-N),Nutrient,0%,0.05,0,,mg/L,1,Final,
FRU08WM168,Groundwater,(WM) Well - Monitoring,FR-M-168,(FRU) Front Range Urban GW,No Direct Use (WM),6/28/16,NO2N - Nitrite as Nitrogen (NO2-N),Nutrient,0%,0.05,0,,mg/L,1,Final,
FRU08WM168,Groundwater,(WM) Well - Monitoring,FR-M-168,(FRU) Front Range Urban GW,No Direct Use (WM),6/10/13,NO2N - Nitrite as Nitrogen (NO2-N),Nutrient,0%,0.05,0,,mg/L,1,Final,
FRU08WM169D,Groundwater,(WM) Well - Monitoring,FR-M-169D,(FRU) Front Range Urban GW,No Direct Use (WM),6/23/16,NO2N - Nitrite as Nitrogen (NO2-N),Nutrient,0%,0.05,0,,mg/L,1,Final,
FRU08WM169D,Groundwater,(WM) Well - Monitoring,FR-M-169D,(FRU) Front Range Urban GW,No Direct Use (WM),6/10/13,NO2N - Nitrite as Nitrogen (NO2-N),Nutrient,0%,0.05,0,,mg/L,1,Final,
FRU08WM169S,Groundwater,(WM) Well - Monitoring,FR-M-169S,(FRU) Front Range Urban GW,No Direct Use (WM),6/23/16,NO2N - Nitrite as Nitrogen (NO2-N),Nutrient,0%,0.05,0,,mg/L,1,Final,
FRU08WM169S,Groundwater,(WM) Well - Monitoring,FR-M-169S,(FRU) Front Range Urban GW,No Direct Use (WM),6/10/13,NO2N - Nitrite as Nitrogen (NO2-N),Nutrient,0%,0.05,0,,mg/L,1,Final,
FRU08WM170,Groundwater,(WM) Well - Monitoring,FR-M-170,(FRU) Front Range Urban GW,No Direct Use (WM),6/11/13,NO2N - Nitrite as Nitrogen (NO2-N),Nutrient,0%,0.05,0,,mg/L,1,Final,
FRU08WM171,Groundwater,(WM) Well - Monitoring,FR-M-171,(FRU) Front Range Urban GW,No Direct Use (WM),6/22/16,NO2N - Nitrite as Nitrogen (NO2-N),Nutrient,0%,0.05,0,,mg/L,1,Final,
FRU08WM171,Groundwater,(WM) Well - Monitoring,FR-M-171,(FRU) Front Range Urban GW,No Direct Use (WM),6/12/13,NO2N - Nitrite as Nitrogen (NO2-N),Nutrient,0%,0.05,0,,mg/L,1,Final,
FRU08WM172,Groundwater,(WM) Well - Monitoring,FR-M-172,(FRU) Front Range Urban GW,No Direct Use (WM),6/28/16,NO2N - Nitrite as Nitrogen (NO2-N),Nutrient,0%,0.05,0,,mg/L,1,Final,
FRU08WM172,Groundwater,(WM) Well - Monitoring,FR-M-172,(FRU) Front Range Urban GW,No Direct Use (WM),6/12/13,NO2N - Nitrite as Nitrogen (NO2-N),Nutrient,0%,0.05,0,,mg/L,1,Final,
FRU08WM173D,Groundwater,(WM) Well - Monitoring,FR-M-173D,(FRU) Front Range Urban GW,No Direct Use (WM),6/23/16,NO2N - Nitrite as Nitrogen (NO2-N),Nutrient,0%,0.05,0,,mg/L,1,Final,
FRU08WM173D,Groundwater,(WM) Well - Monitoring,FR-M-173D,(FRU) Front Range Urban GW,No Direct Use (WM),6/11/13,NO2N - Nitrite as Nitrogen (NO2-N),Nutrient,0%,0.05,0,,mg/L,1,Final,
FRU08WM173S,Groundwater,(WM) Well - Monitoring,FR-M-173S,(FRU) Front Range Urban GW,No Direct Use (WM),6/23/16,NO2N - Nitrite as Nitrogen (NO2-N),Nutrient,0%,0.05,0,,mg/L,1,Final,
FRU08WM173S,Groundwater,(WM) Well - Monitoring,FR-M-173S,(FRU) Front Range Urban GW,No Direct Use (WM),6/11/13,NO2N - Nitrite as Nitrogen (NO2-N),Nutrient,0%,0.05,0,,mg/L,1,Final,
FRU08WM174,Groundwater,(WM) Well - Monitoring,FR-M-174,(FRU) Front Range Urban GW,No Direct Use (WM),6/22/16,NO2N - Nitrite as Nitrogen (NO2-N),Nutrient,0%,0.05,0,,mg/L,1,Final,
FRU08WM174,Groundwater,(WM) Well - Monitoring,FR-M-174,(FRU) Front Range Urban GW,No Direct Use (WM),6/10/13,NO2N - Nitrite as Nitrogen (NO2-N),Nutrient,0%,0.05,0,,mg/L,1,Final,
FRU08WM175,Groundwater,(WM) Well - Monitoring,FR-M-175,(FRU) Front Range Urban GW,No Direct Use (WM),6/22/16,NO2N - Nitrite as Nitrogen (NO2-N),Nutrient,0%,0.05,0,,mg/L,1,Final,
FRU08WM175,Groundwater,(WM) Well - Monitoring,FR-M-175,(FRU) Front Range Urban GW,No Direct Use (WM),6/10/13,NO2N - Nitrite as Nitrogen (NO2-N),Nutrient,0%,0.05,0,,mg/L,1,Final,
FRU08WM174,Groundwater,(WM) Well - Monitoring,FR-M-174,(FRU) Front Range Urban GW,No Direct Use (WM),7/1/24,NO2N - Nitrite as Nitrogen (NO2-N),Nutrient,0%,0.0152,0,,mg/L,1,Final,
FRU08WM171,Groundwater,(WM) Well - Monitoring,FR-M-171,(FRU) Front Range Urban GW,No Direct Use (WM),7/1/24,NO2N - Nitrite as Nitrogen (NO2-N),Nutrient,0%,0.0152,0,,mg/L,1,Final,
FRU08WM175,Groundwater,(WM) Well - Monitoring,FR-M-175,(FRU) Front Range Urban GW,No Direct Use (WM),7/1/24,NO2N - Nitrite as Nitrogen (NO2-N),Nutrient,0%,0.0152,0,,mg/L,1,Final,
FRU08WM169S,Groundwater,(WM) Well - Monitoring,FR-M-169S,(FRU) Front Range Urban GW,No Direct Use (WM),7/1/24,NO2N - Nitrite as Nitrogen (NO2-N),Nutrient,0%,0.0152,0,,mg/L,1,Final,
FRU08WM169D,Groundwater,(WM) Well - Monitoring,FR-M-169D,(FRU) Front Range Urban GW,No Direct Use (WM),7/1/24,NO2N - Nitrite as Nitrogen (NO2-N),Nutrient,0%,0.0152,0,,mg/L,1,Final,
FRU08WM172,Groundwater,(WM) Well - Monitoring,FR-M-172,(FRU) Front Range Urban GW,No Direct Use (WM),7/1/24,NO2N - Nitrite as Nitrogen (NO2-N),Nutrient,0%,0.0152,0,,mg/L,1,Final,
FRU08WM167,Groundwater,(WM) Well - Monitoring,FR-M-167,(FRU) Front Range Urban GW,No Direct Use (WM),7/2/24,NO2N - Nitrite as Nitrogen (NO2-N),Nutrient,0%,0.0152,0,,mg/L,1,Final,
FRU08WM169D,Groundwater,(WM) Well - Monitoring,FR-M-169D,(FRU) Front Range Urban GW,No Direct Use (WM),6/23/16,NO3N - Nitrate as Nitrogen (NO3-N),Nutrient,0%,0.05,0,,mg/L,1,Final,
FRU08WM169D,Groundwater,(WM) Well - Monitoring,FR-M-169D,(FRU) Front Range Urban GW,No Direct Use (WM),6/10/13,NO3N - Nitrate as Nitrogen (NO3-N),Nutrient,0%,0.05,0,,mg/L,1,Final,
FRU08WM169D,Groundwater,(WM) Well - Monitoring,FR-M-169D,(FRU) Front Range Urban GW,No Direct Use (WM),7/27/10,NO3N - Nitrate as Nitrogen (NO3-N),Nutrient,0%,0.1,0,,mg/L,1,Final,
FRU08WM169D,Groundwater,(WM) Well - Monitoring,FR-M-169D,(FRU) Front Range Urban GW,No Direct Use (WM),5/28/08,NO3N - Nitrate as Nitrogen (NO3-N),Nutrient,0%,0.1,0,,mg/L,1,Final,
FRU08WM172,Groundwater,(WM) Well - Monitoring,FR-M-172,(FRU) Front Range Urban GW,No Direct Use (WM),6/28/16,NO3N - Nitrate as Nitrogen (NO3-N),Nutrient,0%,0.05,0,,mg/L,1,Final,
FRU08WM172,Groundwater,(WM) Well - Monitoring,FR-M-172,(FRU) Front Range Urban GW,No Direct Use (WM),6/12/13,NO3N - Nitrate as Nitrogen (NO3-N),Nutrient,0%,0.05,0,,mg/L,1,Final,
FRU08WM172,Groundwater,(WM) Well - Monitoring,FR-M-172,(FRU) Front Range Urban GW,No Direct Use (WM),5/27/08,NO3N - Nitrate as Nitrogen (NO3-N),Nutrient,0%,0.1,0,,mg/L,1,Final,
FRU06WD23,Groundwater,(WD) Well - Domestic,PP-D-023,(FRU) Front Range Urban GW,"Domestic, drinking",9/28/06,NO3N - Nitrate as Nitrogen (NO3-N),Nutrient,0%,0.04,0,,mg/L,1,Final,
FRU06WD24,Groundwater,(WD) Well - Domestic,PP-D-024,(FRU) Front Range Urban GW,"Domestic, drinking",9/29/06,NO3N - Nitrate as Nitrogen (NO3-N),Nutrient,0%,0.04,0,,mg/L,1,Final,
FRU06WD25,Groundwater,(WD) Well - Domestic,PP-D-025,(FRU) Front Range Urban GW,"Domestic, non-drinking",9/29/06,NO3N - Nitrate as Nitrogen (NO3-N),Nutrient,0%,0.04,0,,mg/L,1,Final,
LA06WD26,Groundwater,(WD) Well - Domestic,PP-D-026,(LA) Lower Arkansas GW,"Domestic, drinking",11/7/06,NO3N - Nitrate as Nitrogen (NO3-N),Nutrient,0%,0.03,0,,mg/L,1,Final,
LA06WD28,Groundwater,(WD) Well - Domestic,PP-D-028,(LA) Lower Arkansas GW,"Domestic, drinking",11/7/06,NO3N - Nitrate as Nitrogen (NO3-N),Nutrient,0%,0.03,0,,mg/L,1,Final,
LA06WD34,Groundwater,(WD) Well - Domestic,PP-D-034,(LA) Lower Arkansas GW,"Domestic, drinking",11/9/06,NO3N - Nitrate as Nitrogen (NO3-N),Nutrient,0%,0.03,0,,mg/L,1,Final,
FRU08WM169D,Groundwater,(WM) Well - Monitoring,FR-M-169D,(FRU) Front Range Urban GW,No Direct Use (WM),7/1/24,NO3N - Nitrate as Nitrogen (NO3-N),Nutrient,0%,0.0113,0,,mg/L,1,Final,
FRU08WM167,Groundwater,(WM) Well - Monitoring,FR-M-167,(FRU) Front Range Urban GW,No Direct Use (WM),6/28/16,Orthophosphate_P - Dissolved Orthophosphate as P,Nutrient,0%,0.016,0,,mg/L,1,Final,
FRU08WM168,Groundwater,(WM) Well - Monitoring,FR-M-168,(FRU) Front Range Urban GW,No Direct Use (WM),6/28/16,Orthophosphate_P - Dissolved Orthophosphate as P,Nutrient,0%,0.016,0,,mg/L,1,Final,
FRU08WM168,Groundwater,(WM) Well - Monitoring,FR-M-168,(FRU) Front Range Urban GW,No Direct Use (WM),6/10/13,Orthophosphate_P - Dissolved Orthophosphate as P,Nutrient,0%,0.016,0,,mg/L,1,Final,
FRU08WM169D,Groundwater,(WM) Well - Monitoring,FR-M-169D,(FRU) Front Range Urban GW,No Direct Use (WM),6/23/16,Orthophosphate_P - Dissolved Orthophosphate as P,Nutrient,0%,0.016,0,,mg/L,1,Final,
FRU08WM169D,Groundwater,(WM) Well - Monitoring,FR-M-169D,(FRU) Front Range Urban GW,No Direct Use (WM),6/10/13,Orthophosphate_P - Dissolved Orthophosphate as P,Nutrient,0%,0.016,0,,mg/L,1,Final,
FRU08WM169S,Groundwater,(WM) Well - Monitoring,FR-M-169S,(FRU) Front Range Urban GW,No Direct Use (WM),6/23/16,Orthophosphate_P - Dissolved Orthophosphate as P,Nutrient,0%,0.016,0,,mg/L,1,Final,
FRU08WM169S,Groundwater,(WM) Well - Monitoring,FR-M-169S,(FRU) Front Range Urban GW,No Direct Use (WM),6/10/13,Orthophosphate_P - Dissolved Orthophosphate as P,Nutrient,0%,0.016,0,,mg/L,1,Final,
FRU08WM171,Groundwater,(WM) Well - Monitoring,FR-M-171,(FRU) Front Range Urban GW,No Direct Use (WM),6/22/16,Orthophosphate_P - Dissolved Orthophosphate as P,Nutrient,0%,0.016,0,,mg/L,1,Final,
FRU08WM171,Groundwater,(WM) Well - Monitoring,FR-M-171,(FRU) Front Range Urban GW,No Direct Use (WM),6/12/13,Orthophosphate_P - Dissolved Orthophosphate as P,Nutrient,0%,0.016,0,,mg/L,1,Final,
FRU08WM172,Groundwater,(WM) Well - Monitoring,FR-M-172,(FRU) Front Range Urban GW,No Direct Use (WM),6/28/16,Orthophosphate_P - Dissolved Orthophosphate as P,Nutrient,0%,0.016,0,,mg/L,1,Final,
FRU08WM172,Groundwater,(WM) Well - Monitoring,FR-M-172,(FRU) Front Range Urban GW,No Direct Use (WM),6/12/13,Orthophosphate_P - Dissolved Orthophosphate as P,Nutrient,0%,0.016,0,,mg/L,1,Final,
FRU08WM173D,Groundwater,(WM) Well - Monitoring,FR-M-173D,(FRU) Front Range Urban GW,No Direct Use (WM),6/23/16,Orthophosphate_P - Dissolved Orthophosphate as P,Nutrient,0%,0.016,0,,mg/L,1,Final,
FRU08WM173D,Groundwater,(WM) Well - Monitoring,FR-M-173D,(FRU) Front Range Urban GW,No Direct Use (WM),6/11/13,Orthophosphate_P - Dissolved Orthophosphate as P,Nutrient,0%,0.016,0,,mg/L,1,Final,
FRU08WM174,Groundwater,(WM) Well - Monitoring,FR-M-174,(FRU) Front Range Urban GW,No Direct Use (WM),6/22/16,Orthophosphate_P - Dissolved Orthophosphate as P,Nutrient,0%,0.016,0,,mg/L,1,Final,
FRU08WM174,Groundwater,(WM) Well - Monitoring,FR-M-174,(FRU) Front Range Urban GW,No Direct Use (WM),6/10/13,Orthophosphate_P - Dissolved Orthophosphate as P,Nutrient,0%,0.016,0,,mg/L,1,Final,
FRU08WM175,Groundwater,(WM) Well - Monitoring,FR-M-175,(FRU) Front Range Urban GW,No Direct Use (WM),6/22/16,Orthophosphate_P - Dissolved Orthophosphate as P,Nutrient,0%,0.016,0,,mg/L,1,Final,
FRU08WM175,Groundwater,(WM) Well - Monitoring,FR-M-175,(FRU) Front Range Urban GW,No Direct Use (WM),6/10/13,Orthophosphate_P - Dissolved Orthophosphate as P,Nutrient,0%,0.016,0,,mg/L,1,Final,
FRU08WM174,Groundwater,(WM) Well - Monitoring,FR-M-174,(FRU) Front Range Urban GW,No Direct Use (WM),7/1/24,Orthophosphate_P - Dissolved Orthophosphate as P,Nutrient,0%,0.2,0,,mg/L,1,Final,
FRU08WM171,Groundwater,(WM) Well - Monitoring,FR-M-171,(FRU) Front Range Urban GW,No Direct Use (WM),7/1/24,Orthophosphate_P - Dissolved Orthophosphate as P,Nutrient,0%,0.2,0,,mg/L,1,Final,
FRU08WM175,Groundwater,(WM) Well - Monitoring,FR-M-175,(FRU) Front Range Urban GW,No Direct Use (WM),7/1/24,Orthophosphate_P - Dissolved Orthophosphate as P,Nutrient,0%,0.2,0,,mg/L,1,Final,
FRU08WM169D,Groundwater,(WM) Well - Monitoring,FR-M-169D,(FRU) Front Range Urban GW,No Direct Use (WM),7/1/24,Orthophosphate_P - Dissolved Orthophosphate as P,Nutrient,0%,0.2,0,,mg/L,1,Final,
FRU08WM172,Groundwater,(WM) Well - Monitoring,FR-M-172,(FRU) Front Range Urban GW,No Direct Use (WM),7/1/24,Orthophosphate_P - Dissolved Orthophosphate as P,Nutrient,0%,0.2,0,,mg/L,1,Final,
FRU08WM174,Groundwater,(WM) Well - Monitoring,FR-M-174,(FRU) Front Range Urban GW,No Direct Use (WM),7/1/24,TN_Kjeldahl - Total Kjeldahl Nitrogen,Nutrient,0%,0.267,0,,mg/L,1,Final,
FRU08WM175,Groundwater,(WM) Well - Monitoring,FR-M-175,(FRU) Front Range Urban GW,No Direct Use (WM),7/1/24,TN_Kjeldahl - Total Kjeldahl Nitrogen,Nutrient,0%,0.267,0,,mg/L,1,Final,
FRU08WM171,Groundwater,(WM) Well - Monitoring,FR-M-171,(FRU) Front Range Urban GW,No Direct Use (WM),7/1/24,TP_Color - Total Phosphorus Color,Nutrient,0%,0.01,0,,mg/L,1,Final,
FRU08WM175,Groundwater,(WM) Well - Monitoring,FR-M-175,(FRU) Front Range Urban GW,No Direct Use (WM),7/1/24,TP_Color - Total Phosphorus Color,Nutrient,0%,0.01,0,,mg/L,1,Final,
LSP06WD5,Groundwater,(WD) Well - Domestic,PP-D-005,(LSP) Lower South Platte GW,"Domestic, drinking",9/26/06,TSP_Color - Total Soluble Phosphorus Color,Nutrient,0%,0.01,0,,mg/L,1,Final,
LA06WD7,Groundwater,(WD) Well - Domestic,PP-D-007,(LA) Lower Arkansas GW,"Domestic, drinking",9/26/06,TSP_Color - Total Soluble Phosphorus Color,Nutrient,0%,0.01,0,,mg/L,1,Final,
FRU06WD25,Groundwater,(WD) Well - Domestic,PP-D-025,(FRU) Front Range Urban GW,"Domestic, non-drinking",9/29/06,TSP_Color - Total Soluble Phosphorus Color,Nutrient,0%,0.01,0,,mg/L,1,Final,
LA06WD28,Groundwater,(WD) Well - Domestic,PP-D-028,(LA) Lower Arkansas GW,"Domestic, drinking",11/7/06,TSP_Color - Total Soluble Phosphorus Color,Nutrient,0%,0.01,0,,mg/L,1,Final,
LA06WD29,Groundwater,(WD) Well - Domestic,PP-D-029,(LA) Lower Arkansas GW,"Domestic, drinking",11/8/06,TSP_Color - Total Soluble Phosphorus Color,Nutrient,0%,0.01,0,,mg/L,1,Final,
FRU06WR32,Groundwater,(WR) Well - Recreation,PP-D-032,(FRU) Front Range Urban GW,Recreation,11/8/06,TSP_Color - Total Soluble Phosphorus Color,Nutrient,0%,0.01,0,,mg/L,1,Final,
LA06WD34,Groundwater,(WD) Well - Domestic,PP-D-034,(LA) Lower Arkansas GW,"Domestic, drinking",11/9/06,TSP_Color - Total Soluble Phosphorus Color,Nutrient,0%,0.01,0,,mg/L,1,Final,
LA06WD35,Groundwater,(WD) Well - Domestic,PP-D-035,(LA) Lower Arkansas GW,"Domestic, drinking",11/9/06,TSP_Color - Total Soluble Phosphorus Color,Nutrient,0%,0.01,0,,mg/L,1,Final,
LA06WD36,Groundwater,(WD) Well - Domestic,PP-D-036,(LA) Lower Arkansas GW,"Domestic, non-drinking",11/9/06,TSP_Color - Total Soluble Phosphorus Color,Nutrient,0%,0.01,0,,mg/L,1,Final,
LA06WD40,Groundwater,(WD) Well - Domestic,PP-D-040,(LA) Lower Arkansas GW,"Domestic, drinking",11/30/06,TSP_Color - Total Soluble Phosphorus Color,Nutrient,0%,0.01,0,,mg/L,1,Final,
LA06WD41,Groundwater,(WD) Well - Domestic,PP-D-041,(LA) Lower Arkansas GW,"Domestic, drinking",11/30/06,TSP_Color - Total Soluble Phosphorus Color,Nutrient,0%,0.01,0,,mg/L,1,Final,
LA06WL43,Groundwater,(WL) Well - Livestock,PP-D-043,(LA) Lower Arkansas GW,Livestock,12/1/06,TSP_Color - Total Soluble Phosphorus Color,Nutrient,0%,0.01,0,,mg/L,1,Final,
LA06WL44,Groundwater,(WL) Well - Livestock,PP-D-044,(LA) Lower Arkansas GW,Livestock,12/1/06,TSP_Color - Total Soluble Phosphorus Color,Nutrient,0%,0.01,0,,mg/L,1,Final,
LA06WD47,Groundwater,(WD) Well - Domestic,PP-D-047,(LA) Lower Arkansas GW,"Domestic, non-drinking",12/4/06,TSP_Color - Total Soluble Phosphorus Color,Nutrient,0%,0.01,0,,mg/L,1,Final,
LA06WD48,Groundwater,(WD) Well - Domestic,PP-D-048,(LA) Lower Arkansas GW,Livestock,12/4/06,TSP_Color - Total Soluble Phosphorus Color,Nutrient,0%,0.01,0,,mg/L,1,Final,