SiteID,SiteGroup,SiteType,SiteName,MonitoringRegion,UsagePrim,EventDate,Analyte Name,Analyte Type,DetectFrequency,Result,Qualifier,QualifierType,Units,BDLIndicator,ResultStatus,ResultNote
FRU08WM171,Groundwater,(WM) Well - Monitoring,FR-M-171,(FRU) Front Range Urban GW,No Direct Use (WM),7/1/24,NH3N - Ammonia (un-ionized) as Nitrogen,Nutrient,100%,0.0374,0,,mg/L,0,Final,
FRU08WM169S,Groundwater,(WM) Well - Monitoring,FR-M-169S,(FRU) Front Range Urban GW,No Direct Use (WM),7/1/24,NH3N - Ammonia (un-ionized) as Nitrogen,Nutrient,100%,0.0362,0,,mg/L,0,Final,
FRU08WM169D,Groundwater,(WM) Well - Monitoring,FR-M-169D,(FRU) Front Range Urban GW,No Direct Use (WM),7/1/24,NH3N - Ammonia (un-ionized) as Nitrogen,Nutrient,100%,0.138,0,,mg/L,0,Final,
FRU08WM172,Groundwater,(WM) Well - Monitoring,FR-M-172,(FRU) Front Range Urban GW,No Direct Use (WM),7/1/24,NH3N - Ammonia (un-ionized) as Nitrogen,Nutrient,100%,0.155,0,,mg/L,0,Final,
FRU08WM167,Groundwater,(WM) Well - Monitoring,FR-M-167,(FRU) Front Range Urban GW,No Direct Use (WM),7/2/24,NH3N - Ammonia (un-ionized) as Nitrogen,Nutrient,100%,0.069,0,,mg/L,0,Final,
FRU08WM167,Groundwater,(WM) Well - Monitoring,FR-M-167,(FRU) Front Range Urban GW,No Direct Use (WM),6/28/16,NO3N - Nitrate as Nitrogen (NO3-N),Nutrient,100%,9.91,0,,mg/L,0,Final,
FRU08WM167,Groundwater,(WM) Well - Monitoring,FR-M-167,(FRU) Front Range Urban GW,No Direct Use (WM),6/12/13,NO3N - Nitrate as Nitrogen (NO3-N),Nutrient,100%,9.9,0,,mg/L,0,Final,
FRU08WM167,Groundwater,(WM) Well - Monitoring,FR-M-167,(FRU) Front Range Urban GW,No Direct Use (WM),7/28/10,NO3N - Nitrate as Nitrogen (NO3-N),Nutrient,100%,8.3,0,,mg/L,0,Final,
FRU08WM167,Groundwater,(WM) Well - Monitoring,FR-M-167,(FRU) Front Range Urban GW,No Direct Use (WM),5/29/08,NO3N - Nitrate as Nitrogen (NO3-N),Nutrient,100%,8.7,0,,mg/L,0,Final,
FRU08WM168,Groundwater,(WM) Well - Monitoring,FR-M-168,(FRU) Front Range Urban GW,No Direct Use (WM),6/28/16,NO3N - Nitrate as Nitrogen (NO3-N),Nutrient,100%,32.05,0,,mg/L,0,Final,
FRU08WM168,Groundwater,(WM) Well - Monitoring,FR-M-168,(FRU) Front Range Urban GW,No Direct Use (WM),6/10/13,NO3N - Nitrate as Nitrogen (NO3-N),Nutrient,100%,20.7,0,,mg/L,0,Final,
FRU08WM168,Groundwater,(WM) Well - Monitoring,FR-M-168,(FRU) Front Range Urban GW,No Direct Use (WM),7/29/10,NO3N - Nitrate as Nitrogen (NO3-N),Nutrient,100%,10.6,0,,mg/L,0,Final,
FRU08WM168,Groundwater,(WM) Well - Monitoring,FR-M-168,(FRU) Front Range Urban GW,No Direct Use (WM),5/29/08,NO3N - Nitrate as Nitrogen (NO3-N),Nutrient,100%,8.2,0,,mg/L,0,Final,
FRU08WM169S,Groundwater,(WM) Well - Monitoring,FR-M-169S,(FRU) Front Range Urban GW,No Direct Use (WM),6/23/16,NO3N - Nitrate as Nitrogen (NO3-N),Nutrient,100%,11.28,0,,mg/L,0,Final,
FRU08WM169S,Groundwater,(WM) Well - Monitoring,FR-M-169S,(FRU) Front Range Urban GW,No Direct Use (WM),6/10/13,NO3N - Nitrate as Nitrogen (NO3-N),Nutrient,100%,2.8,0,,mg/L,0,Final,
FRU08WM169S,Groundwater,(WM) Well - Monitoring,FR-M-169S,(FRU) Front Range Urban GW,No Direct Use (WM),7/27/10,NO3N - Nitrate as Nitrogen (NO3-N),Nutrient,100%,1.7,0,,mg/L,0,Final,
FRU08WM169S,Groundwater,(WM) Well - Monitoring,FR-M-169S,(FRU) Front Range Urban GW,No Direct Use (WM),5/28/08,NO3N - Nitrate as Nitrogen (NO3-N),Nutrient,100%,1.7,0,,mg/L,0,Final,
FRU08WM170,Groundwater,(WM) Well - Monitoring,FR-M-170,(FRU) Front Range Urban GW,No Direct Use (WM),6/11/13,NO3N - Nitrate as Nitrogen (NO3-N),Nutrient,100%,5.3,0,,mg/L,0,Final,
FRU08WM170,Groundwater,(WM) Well - Monitoring,FR-M-170,(FRU) Front Range Urban GW,No Direct Use (WM),7/28/10,NO3N - Nitrate as Nitrogen (NO3-N),Nutrient,100%,7.2,0,,mg/L,0,Final,
FRU08WM170,Groundwater,(WM) Well - Monitoring,FR-M-170,(FRU) Front Range Urban GW,No Direct Use (WM),5/27/08,NO3N - Nitrate as Nitrogen (NO3-N),Nutrient,100%,11,0,,mg/L,0,Final,
FRU08WM171,Groundwater,(WM) Well - Monitoring,FR-M-171,(FRU) Front Range Urban GW,No Direct Use (WM),6/22/16,NO3N - Nitrate as Nitrogen (NO3-N),Nutrient,100%,15.54,0,,mg/L,0,Final,
FRU08WM171,Groundwater,(WM) Well - Monitoring,FR-M-171,(FRU) Front Range Urban GW,No Direct Use (WM),6/12/13,NO3N - Nitrate as Nitrogen (NO3-N),Nutrient,100%,15.2,0,,mg/L,0,Final,
FRU08WM171,Groundwater,(WM) Well - Monitoring,FR-M-171,(FRU) Front Range Urban GW,No Direct Use (WM),7/29/10,NO3N - Nitrate as Nitrogen (NO3-N),Nutrient,100%,7.3,0,,mg/L,0,Final,
FRU08WM171,Groundwater,(WM) Well - Monitoring,FR-M-171,(FRU) Front Range Urban GW,No Direct Use (WM),5/29/08,NO3N - Nitrate as Nitrogen (NO3-N),Nutrient,100%,25,0,,mg/L,0,Final,
FRU08WM172,Groundwater,(WM) Well - Monitoring,FR-M-172,(FRU) Front Range Urban GW,No Direct Use (WM),7/27/10,NO3N - Nitrate as Nitrogen (NO3-N),Nutrient,100%,0.5,0,,mg/L,0,Final,
FRU08WM173D,Groundwater,(WM) Well - Monitoring,FR-M-173D,(FRU) Front Range Urban GW,No Direct Use (WM),6/23/16,NO3N - Nitrate as Nitrogen (NO3-N),Nutrient,100%,3.12,0,,mg/L,0,Final,
FRU08WM173D,Groundwater,(WM) Well - Monitoring,FR-M-173D,(FRU) Front Range Urban GW,No Direct Use (WM),6/11/13,NO3N - Nitrate as Nitrogen (NO3-N),Nutrient,100%,2.7,0,,mg/L,0,Final,
FRU08WM173D,Groundwater,(WM) Well - Monitoring,FR-M-173D,(FRU) Front Range Urban GW,No Direct Use (WM),7/28/10,NO3N - Nitrate as Nitrogen (NO3-N),Nutrient,100%,4.3,0,,mg/L,0,Final,
FRU08WM173D,Groundwater,(WM) Well - Monitoring,FR-M-173D,(FRU) Front Range Urban GW,No Direct Use (WM),5/28/08,NO3N - Nitrate as Nitrogen (NO3-N),Nutrient,100%,3.1,0,,mg/L,0,Final,
FRU08WM173S,Groundwater,(WM) Well - Monitoring,FR-M-173S,(FRU) Front Range Urban GW,No Direct Use (WM),6/23/16,NO3N - Nitrate as Nitrogen (NO3-N),Nutrient,100%,20.82,0,,mg/L,0,Final,
FRU08WM173S,Groundwater,(WM) Well - Monitoring,FR-M-173S,(FRU) Front Range Urban GW,No Direct Use (WM),6/11/13,NO3N - Nitrate as Nitrogen (NO3-N),Nutrient,100%,13.3,0,,mg/L,0,Final,
FRU08WM173S,Groundwater,(WM) Well - Monitoring,FR-M-173S,(FRU) Front Range Urban GW,No Direct Use (WM),7/28/10,NO3N - Nitrate as Nitrogen (NO3-N),Nutrient,100%,19.6,0,,mg/L,0,Final,
FRU08WM173S,Groundwater,(WM) Well - Monitoring,FR-M-173S,(FRU) Front Range Urban GW,No Direct Use (WM),5/28/08,NO3N - Nitrate as Nitrogen (NO3-N),Nutrient,100%,30.8,0,,mg/L,0,Final,
FRU08WM174,Groundwater,(WM) Well - Monitoring,FR-M-174,(FRU) Front Range Urban GW,No Direct Use (WM),6/22/16,NO3N - Nitrate as Nitrogen (NO3-N),Nutrient,100%,7.85,0,,mg/L,0,Final,
FRU08WM174,Groundwater,(WM) Well - Monitoring,FR-M-174,(FRU) Front Range Urban GW,No Direct Use (WM),6/10/13,NO3N - Nitrate as Nitrogen (NO3-N),Nutrient,100%,3.6,0,,mg/L,0,Final,
FRU08WM174,Groundwater,(WM) Well - Monitoring,FR-M-174,(FRU) Front Range Urban GW,No Direct Use (WM),7/29/10,NO3N - Nitrate as Nitrogen (NO3-N),Nutrient,100%,4.7,0,,mg/L,0,Final,
FRU08WM174,Groundwater,(WM) Well - Monitoring,FR-M-174,(FRU) Front Range Urban GW,No Direct Use (WM),5/28/08,NO3N - Nitrate as Nitrogen (NO3-N),Nutrient,100%,5.9,0,,mg/L,0,Final,
FRU08WM175,Groundwater,(WM) Well - Monitoring,FR-M-175,(FRU) Front Range Urban GW,No Direct Use (WM),6/22/16,NO3N - Nitrate as Nitrogen (NO3-N),Nutrient,100%,12.41,0,,mg/L,0,Final,
FRU08WM175,Groundwater,(WM) Well - Monitoring,FR-M-175,(FRU) Front Range Urban GW,No Direct Use (WM),6/10/13,NO3N - Nitrate as Nitrogen (NO3-N),Nutrient,100%,10.75,0,,mg/L,0,Final,
FRU08WM175,Groundwater,(WM) Well - Monitoring,FR-M-175,(FRU) Front Range Urban GW,No Direct Use (WM),7/28/10,NO3N - Nitrate as Nitrogen (NO3-N),Nutrient,100%,12.4,0,,mg/L,0,Final,
FRU08WM175,Groundwater,(WM) Well - Monitoring,FR-M-175,(FRU) Front Range Urban GW,No Direct Use (WM),5/27/08,NO3N - Nitrate as Nitrogen (NO3-N),Nutrient,100%,13.4,0,,mg/L,0,Final,
FRU06WP2,Groundwater,(WP) Well - Public Supply,PP-D-002,(FRU) Front Range Urban GW,Public Supply,9/25/06,NO3N - Nitrate as Nitrogen (NO3-N),Nutrient,100%,0.1,0,,mg/L,0,Final,
LA06WD3,Groundwater,(WD) Well - Domestic,PP-D-003,(LA) Lower Arkansas GW,"Domestic, drinking",9/25/06,NO3N - Nitrate as Nitrogen (NO3-N),Nutrient,100%,4.09,0,,mg/L,0,Final,
LA06WD4,Groundwater,(WD) Well - Domestic,PP-D-004,(LA) Lower Arkansas GW,"Domestic, drinking",9/26/06,NO3N - Nitrate as Nitrogen (NO3-N),Nutrient,100%,3.61,0,,mg/L,0,Final,
LSP06WD5,Groundwater,(WD) Well - Domestic,PP-D-005,(LSP) Lower South Platte GW,"Domestic, drinking",9/26/06,NO3N - Nitrate as Nitrogen (NO3-N),Nutrient,100%,3.54,0,,mg/L,0,Final,
LSP06WD6,Groundwater,(WD) Well - Domestic,PP-D-006,(LSP) Lower South Platte GW,"Domestic, drinking",9/26/06,NO3N - Nitrate as Nitrogen (NO3-N),Nutrient,100%,3.39,0,,mg/L,0,Final,
LA06WD7,Groundwater,(WD) Well - Domestic,PP-D-007,(LA) Lower Arkansas GW,"Domestic, drinking",9/26/06,NO3N - Nitrate as Nitrogen (NO3-N),Nutrient,100%,0.73,0,,mg/L,0,Final,
LA06WD8,Groundwater,(WD) Well - Domestic,PP-D-008,(LA) Lower Arkansas GW,"Domestic, drinking",9/26/06,NO3N - Nitrate as Nitrogen (NO3-N),Nutrient,100%,2.07,0,,mg/L,0,Final,
LA06WD10,Groundwater,(WD) Well - Domestic,PP-D-010,(LA) Lower Arkansas GW,"Domestic, drinking",9/26/06,NO3N - Nitrate as Nitrogen (NO3-N),Nutrient,100%,0.26,0,,mg/L,0,Final,
LA06WD11,Groundwater,(WD) Well - Domestic,PP-D-011,(LA) Lower Arkansas GW,"Domestic, drinking",9/26/06,NO3N - Nitrate as Nitrogen (NO3-N),Nutrient,100%,5.47,0,,mg/L,0,Final,
LA06WD12,Groundwater,(WD) Well - Domestic,PP-D-012,(LA) Lower Arkansas GW,"Domestic, drinking",9/27/06,NO3N - Nitrate as Nitrogen (NO3-N),Nutrient,100%,3.78,0,,mg/L,0,Final,
LA06WD13,Groundwater,(WD) Well - Domestic,PP-D-013,(LA) Lower Arkansas GW,"Domestic, drinking",9/27/06,NO3N - Nitrate as Nitrogen (NO3-N),Nutrient,100%,4.39,0,,mg/L,0,Final,
LA06WP14,Groundwater,(WP) Well - Public Supply,PP-D-014,(LA) Lower Arkansas GW,Public Supply,9/27/06,NO3N - Nitrate as Nitrogen (NO3-N),Nutrient,100%,8.82,0,,mg/L,0,Final,
LA06WP15,Groundwater,(WP) Well - Public Supply,PP-D-015,(LA) Lower Arkansas GW,Public Supply,9/27/06,NO3N - Nitrate as Nitrogen (NO3-N),Nutrient,100%,3.57,0,,mg/L,0,Final,
LA06WD16,Groundwater,(WD) Well - Domestic,PP-D-016,(LA) Lower Arkansas GW,"Domestic, drinking",9/27/06,NO3N - Nitrate as Nitrogen (NO3-N),Nutrient,100%,0.78,0,,mg/L,0,Final,
MTN06WD17,Groundwater,(WD) Well - Domestic,PP-D-017,(MTN) Mountainous Area GW,"Domestic, drinking",9/28/06,NO3N - Nitrate as Nitrogen (NO3-N),Nutrient,100%,4.62,0,,mg/L,0,Final,
FRU06WD18,Groundwater,(WD) Well - Domestic,PP-D-018,(FRU) Front Range Urban GW,"Domestic, drinking",9/28/06,NO3N - Nitrate as Nitrogen (NO3-N),Nutrient,100%,0.26,0,,mg/L,0,Final,
FRU06WD19,Groundwater,(WD) Well - Domestic,PP-D-019,(FRU) Front Range Urban GW,"Domestic, drinking",9/28/06,NO3N - Nitrate as Nitrogen (NO3-N),Nutrient,100%,9.35,0,,mg/L,0,Final,
FRU06WP20,Groundwater,(WP) Well - Public Supply,PP-D-020,(FRU) Front Range Urban GW,Public Supply,9/28/06,NO3N - Nitrate as Nitrogen (NO3-N),Nutrient,100%,1.17,0,,mg/L,0,Final,
LA06WD21,Groundwater,(WD) Well - Domestic,PP-D-021,(LA) Lower Arkansas GW,"Domestic, drinking",9/28/06,NO3N - Nitrate as Nitrogen (NO3-N),Nutrient,100%,2.02,0,,mg/L,0,Final,
LA06WD22,Groundwater,(WD) Well - Domestic,PP-D-022,(LA) Lower Arkansas GW,"Domestic, drinking",9/28/06,NO3N - Nitrate as Nitrogen (NO3-N),Nutrient,100%,0.34,0,,mg/L,0,Final,
LA06WD27,Groundwater,(WD) Well - Domestic,PP-D-027,(LA) Lower Arkansas GW,Commercial,11/7/06,NO3N - Nitrate as Nitrogen (NO3-N),Nutrient,100%,6.72,0,,mg/L,0,Final,
LA06WD29,Groundwater,(WD) Well - Domestic,PP-D-029,(LA) Lower Arkansas GW,"Domestic, drinking",11/8/06,NO3N - Nitrate as Nitrogen (NO3-N),Nutrient,100%,0.21,0,,mg/L,0,Final,
FRU06WC30,Groundwater,(WC) Well - Commercial,PP-D-030,(FRU) Front Range Urban GW,Commercial,11/8/06,NO3N - Nitrate as Nitrogen (NO3-N),Nutrient,100%,0.53,0,,mg/L,0,Final,
FRU06WD31,Groundwater,(WD) Well - Domestic,PP-D-031,(FRU) Front Range Urban GW,"Domestic, drinking",11/8/06,NO3N - Nitrate as Nitrogen (NO3-N),Nutrient,100%,3.58,0,,mg/L,0,Final,
FRU06WR32,Groundwater,(WR) Well - Recreation,PP-D-032,(FRU) Front Range Urban GW,Recreation,11/8/06,NO3N - Nitrate as Nitrogen (NO3-N),Nutrient,100%,4.41,0,,mg/L,0,Final,
LA06WD33,Groundwater,(WD) Well - Domestic,PP-D-033,(LA) Lower Arkansas GW,"Domestic, non-drinking",11/8/06,NO3N - Nitrate as Nitrogen (NO3-N),Nutrient,100%,1.79,0,,mg/L,0,Final,
LA06WD35,Groundwater,(WD) Well - Domestic,PP-D-035,(LA) Lower Arkansas GW,"Domestic, drinking",11/9/06,NO3N - Nitrate as Nitrogen (NO3-N),Nutrient,100%,0.23,0,,mg/L,0,Final,
LA06WD36,Groundwater,(WD) Well - Domestic,PP-D-036,(LA) Lower Arkansas GW,"Domestic, non-drinking",11/9/06,NO3N - Nitrate as Nitrogen (NO3-N),Nutrient,100%,3.54,0,,mg/L,0,Final,
LA06WD37,Groundwater,(WD) Well - Domestic,PP-D-037,(LA) Lower Arkansas GW,"Domestic, drinking",11/9/06,NO3N - Nitrate as Nitrogen (NO3-N),Nutrient,100%,3.73,0,,mg/L,0,Final,
LA06WD38,Groundwater,(WD) Well - Domestic,PP-D-038,(LA) Lower Arkansas GW,"Domestic, drinking",11/30/06,NO3N - Nitrate as Nitrogen (NO3-N),Nutrient,100%,2.7,0,,mg/L,0,Final,
LA06WD39,Groundwater,(WD) Well - Domestic,PP-D-039,(LA) Lower Arkansas GW,"Domestic, drinking",11/30/06,NO3N - Nitrate as Nitrogen (NO3-N),Nutrient,100%,11.5,0,,mg/L,0,Final,
LA06WD40,Groundwater,(WD) Well - Domestic,PP-D-040,(LA) Lower Arkansas GW,"Domestic, drinking",11/30/06,NO3N - Nitrate as Nitrogen (NO3-N),Nutrient,100%,7.06,0,,mg/L,0,Final,
LA06WD41,Groundwater,(WD) Well - Domestic,PP-D-041,(LA) Lower Arkansas GW,"Domestic, drinking",11/30/06,NO3N - Nitrate as Nitrogen (NO3-N),Nutrient,100%,4.83,0,,mg/L,0,Final,
LA06WL42,Groundwater,(WL) Well - Livestock,PP-D-042,(LA) Lower Arkansas GW,Livestock,12/1/06,NO3N - Nitrate as Nitrogen (NO3-N),Nutrient,100%,7.9,0,,mg/L,0,Final,
LA06WL43,Groundwater,(WL) Well - Livestock,PP-D-043,(LA) Lower Arkansas GW,Livestock,12/1/06,NO3N - Nitrate as Nitrogen (NO3-N),Nutrient,100%,3.74,0,,mg/L,0,Final,
LA06WL44,Groundwater,(WL) Well - Livestock,PP-D-044,(LA) Lower Arkansas GW,Livestock,12/1/06,NO3N - Nitrate as Nitrogen (NO3-N),Nutrient,100%,2.91,0,,mg/L,0,Final,
FRU06WD45,Groundwater,(WD) Well - Domestic,PP-D-045,(FRU) Front Range Urban GW,"Domestic, drinking",12/1/06,NO3N - Nitrate as Nitrogen (NO3-N),Nutrient,100%,4.39,0,,mg/L,0,Final,
LA06WD46,Groundwater,(WD) Well - Domestic,PP-D-046,(LA) Lower Arkansas GW,Livestock,12/4/06,NO3N - Nitrate as Nitrogen (NO3-N),Nutrient,100%,0.71,0,,mg/L,0,Final,
LA06WD47,Groundwater,(WD) Well - Domestic,PP-D-047,(LA) Lower Arkansas GW,"Domestic, non-drinking",12/4/06,NO3N - Nitrate as Nitrogen (NO3-N),Nutrient,100%,0.19,0,,mg/L,0,Final,
LA06WD48,Groundwater,(WD) Well - Domestic,PP-D-048,(LA) Lower Arkansas GW,Livestock,12/4/06,NO3N - Nitrate as Nitrogen (NO3-N),Nutrient,100%,1.11,0,,mg/L,0,Final,
LA06WD49,Groundwater,(WD) Well - Domestic,PP-D-049,(LA) Lower Arkansas GW,Commercial,12/7/06,NO3N - Nitrate as Nitrogen (NO3-N),Nutrient,100%,0.03,0,,mg/L,0,Final,
LA06CI9,Groundwater,(CI) Well - Crop Irrigation,PP-I-009,(LA) Lower Arkansas GW,"Irrigation, Crop",9/26/06,NO3N - Nitrate as Nitrogen (NO3-N),Nutrient,100%,0.22,0,,mg/L,0,Final,
FRU08WM174,Groundwater,(WM) Well - Monitoring,FR-M-174,(FRU) Front Range Urban GW,No Direct Use (WM),7/1/24,NO3N - Nitrate as Nitrogen (NO3-N),Nutrient,100%,4.38,0,,mg/L,0,Final,
FRU08WM171,Groundwater,(WM) Well - Monitoring,FR-M-171,(FRU) Front Range Urban GW,No Direct Use (WM),7/1/24,NO3N - Nitrate as Nitrogen (NO3-N),Nutrient,100%,6.18,0,,mg/L,0,Final,
FRU08WM175,Groundwater,(WM) Well - Monitoring,FR-M-175,(FRU) Front Range Urban GW,No Direct Use (WM),7/1/24,NO3N - Nitrate as Nitrogen (NO3-N),Nutrient,100%,11.9,0,,mg/L,0,Final,
FRU08WM169S,Groundwater,(WM) Well - Monitoring,FR-M-169S,(FRU) Front Range Urban GW,No Direct Use (WM),7/1/24,NO3N - Nitrate as Nitrogen (NO3-N),Nutrient,100%,0.577,0,,mg/L,0,Final,
FRU08WM172,Groundwater,(WM) Well - Monitoring,FR-M-172,(FRU) Front Range Urban GW,No Direct Use (WM),7/1/24,NO3N - Nitrate as Nitrogen (NO3-N),Nutrient,100%,0.0144,0,,mg/L,0,Final,
FRU08WM167,Groundwater,(WM) Well - Monitoring,FR-M-167,(FRU) Front Range Urban GW,No Direct Use (WM),7/2/24,NO3N - Nitrate as Nitrogen (NO3-N),Nutrient,100%,10.5,0,,mg/L,0,Final,
FRU08WM167,Groundwater,(WM) Well - Monitoring,FR-M-167,(FRU) Front Range Urban GW,No Direct Use (WM),6/12/13,Orthophosphate_P - Dissolved Orthophosphate as P,Nutrient,100%,0.166,0,,mg/L,0,Final,
FRU08WM170,Groundwater,(WM) Well - Monitoring,FR-M-170,(FRU) Front Range Urban GW,No Direct Use (WM),6/11/13,Orthophosphate_P - Dissolved Orthophosphate as P,Nutrient,100%,0.036,0,,mg/L,0,Final,
FRU08WM173S,Groundwater,(WM) Well - Monitoring,FR-M-173S,(FRU) Front Range Urban GW,No Direct Use (WM),6/23/16,Orthophosphate_P - Dissolved Orthophosphate as P,Nutrient,100%,0.165,0,,mg/L,0,Final,
FRU08WM173S,Groundwater,(WM) Well - Monitoring,FR-M-173S,(FRU) Front Range Urban GW,No Direct Use (WM),6/11/13,Orthophosphate_P - Dissolved Orthophosphate as P,Nutrient,100%,0.199,0,,mg/L,0,Final,
FRU08WM169S,Groundwater,(WM) Well - Monitoring,FR-M-169S,(FRU) Front Range Urban GW,No Direct Use (WM),7/1/24,Orthophosphate_P - Dissolved Orthophosphate as P,Nutrient,100%,0.132089625,0,,mg/L,0,Final,
FRU08WM167,Groundwater,(WM) Well - Monitoring,FR-M-167,(FRU) Front Range Urban GW,No Direct Use (WM),7/2/24,Orthophosphate_P - Dissolved Orthophosphate as P,Nutrient,100%,0.39463814,0,,mg/L,0,Final,
FRU08WM171,Groundwater,(WM) Well - Monitoring,FR-M-171,(FRU) Front Range Urban GW,No Direct Use (WM),7/1/24,TN_Kjeldahl - Total Kjeldahl Nitrogen,Nutrient,100%,0.369,0,,mg/L,0,Final,
FRU08WM169S,Groundwater,(WM) Well - Monitoring,FR-M-169S,(FRU) Front Range Urban GW,No Direct Use (WM),7/1/24,TN_Kjeldahl - Total Kjeldahl Nitrogen,Nutrient,100%,0.696,0,,mg/L,0,Final,
FRU08WM169D,Groundwater,(WM) Well - Monitoring,FR-M-169D,(FRU) Front Range Urban GW,No Direct Use (WM),7/1/24,TN_Kjeldahl - Total Kjeldahl Nitrogen,Nutrient,100%,0.453,0,,mg/L,0,Final,
FRU08WM172,Groundwater,(WM) Well - Monitoring,FR-M-172,(FRU) Front Range Urban GW,No Direct Use (WM),7/1/24,TN_Kjeldahl - Total Kjeldahl Nitrogen,Nutrient,100%,0.268,0,,mg/L,0,Final,
FRU08WM167,Groundwater,(WM) Well - Monitoring,FR-M-167,(FRU) Front Range Urban GW,No Direct Use (WM),7/2/24,TN_Kjeldahl - Total Kjeldahl Nitrogen,Nutrient,100%,0.589,0,,mg/L,0,Final,
FRU08WM174,Groundwater,(WM) Well - Monitoring,FR-M-174,(FRU) Front Range Urban GW,No Direct Use (WM),7/1/24,TP_Color - Total Phosphorus Color,Nutrient,100%,0.0349,0,,mg/L,0,Final,
FRU08WM169S,Groundwater,(WM) Well - Monitoring,FR-M-169S,(FRU) Front Range Urban GW,No Direct Use (WM),7/1/24,TP_Color - Total Phosphorus Color,Nutrient,100%,0.155,0,,mg/L,0,Final,
FRU08WM169D,Groundwater,(WM) Well - Monitoring,FR-M-169D,(FRU) Front Range Urban GW,No Direct Use (WM),7/1/24,TP_Color - Total Phosphorus Color,Nutrient,100%,2.07,0,,mg/L,0,Final,
FRU08WM172,Groundwater,(WM) Well - Monitoring,FR-M-172,(FRU) Front Range Urban GW,No Direct Use (WM),7/1/24,TP_Color - Total Phosphorus Color,Nutrient,100%,0.266,0,,mg/L,0,Final,
FRU08WM167,Groundwater,(WM) Well - Monitoring,FR-M-167,(FRU) Front Range Urban GW,No Direct Use (WM),7/2/24,TP_Color - Total Phosphorus Color,Nutrient,100%,0.465,0,,mg/L,0,Final,
FRU06WP2,Groundwater,(WP) Well - Public Supply,PP-D-002,(FRU) Front Range Urban GW,Public Supply,9/25/06,TSP_Color - Total Soluble Phosphorus Color,Nutrient,100%,0.01,0,,mg/L,0,Final,
LA06WD3,Groundwater,(WD) Well - Domestic,PP-D-003,(LA) Lower Arkansas GW,"Domestic, drinking",9/25/06,TSP_Color - Total Soluble Phosphorus Color,Nutrient,100%,0.01,0,,mg/L,0,Final,
LA06WD4,Groundwater,(WD) Well - Domestic,PP-D-004,(LA) Lower Arkansas GW,"Domestic, drinking",9/26/06,TSP_Color - Total Soluble Phosphorus Color,Nutrient,100%,0.01,0,,mg/L,0,Final,
LSP06WD6,Groundwater,(WD) Well - Domestic,PP-D-006,(LSP) Lower South Platte GW,"Domestic, drinking",9/26/06,TSP_Color - Total Soluble Phosphorus Color,Nutrient,100%,0.01,0,,mg/L,0,Final,
LA06WD8,Groundwater,(WD) Well - Domestic,PP-D-008,(LA) Lower Arkansas GW,"Domestic, drinking",9/26/06,TSP_Color - Total Soluble Phosphorus Color,Nutrient,100%,0.24,0,,mg/L,0,Final,
LA06WD10,Groundwater,(WD) Well - Domestic,PP-D-010,(LA) Lower Arkansas GW,"Domestic, drinking",9/26/06,TSP_Color - Total Soluble Phosphorus Color,Nutrient,100%,0.03,0,,mg/L,0,Final,
LA06WD11,Groundwater,(WD) Well - Domestic,PP-D-011,(LA) Lower Arkansas GW,"Domestic, drinking",9/26/06,TSP_Color - Total Soluble Phosphorus Color,Nutrient,100%,0.04,0,,mg/L,0,Final,
LA06WD12,Groundwater,(WD) Well - Domestic,PP-D-012,(LA) Lower Arkansas GW,"Domestic, drinking",9/27/06,TSP_Color - Total Soluble Phosphorus Color,Nutrient,100%,0.01,0,,mg/L,0,Final,
LA06WD13,Groundwater,(WD) Well - Domestic,PP-D-013,(LA) Lower Arkansas GW,"Domestic, drinking",9/27/06,TSP_Color - Total Soluble Phosphorus Color,Nutrient,100%,0.04,0,,mg/L,0,Final,
LA06WP14,Groundwater,(WP) Well - Public Supply,PP-D-014,(LA) Lower Arkansas GW,Public Supply,9/27/06,TSP_Color - Total Soluble Phosphorus Color,Nutrient,100%,0.04,0,,mg/L,0,Final,
LA06WP15,Groundwater,(WP) Well - Public Supply,PP-D-015,(LA) Lower Arkansas GW,Public Supply,9/27/06,TSP_Color - Total Soluble Phosphorus Color,Nutrient,100%,0.04,0,,mg/L,0,Final,
LA06WD16,Groundwater,(WD) Well - Domestic,PP-D-016,(LA) Lower Arkansas GW,"Domestic, drinking",9/27/06,TSP_Color - Total Soluble Phosphorus Color,Nutrient,100%,0.19,0,,mg/L,0,Final,
MTN06WD17,Groundwater,(WD) Well - Domestic,PP-D-017,(MTN) Mountainous Area GW,"Domestic, drinking",9/28/06,TSP_Color - Total Soluble Phosphorus Color,Nutrient,100%,0.02,0,,mg/L,0,Final,
FRU06WD18,Groundwater,(WD) Well - Domestic,PP-D-018,(FRU) Front Range Urban GW,"Domestic, drinking",9/28/06,TSP_Color - Total Soluble Phosphorus Color,Nutrient,100%,0.02,0,,mg/L,0,Final,
FRU06WD19,Groundwater,(WD) Well - Domestic,PP-D-019,(FRU) Front Range Urban GW,"Domestic, drinking",9/28/06,TSP_Color - Total Soluble Phosphorus Color,Nutrient,100%,0.17,0,,mg/L,0,Final,
FRU06WP20,Groundwater,(WP) Well - Public Supply,PP-D-020,(FRU) Front Range Urban GW,Public Supply,9/28/06,TSP_Color - Total Soluble Phosphorus Color,Nutrient,100%,0.04,0,,mg/L,0,Final,
LA06WD21,Groundwater,(WD) Well - Domestic,PP-D-021,(LA) Lower Arkansas GW,"Domestic, drinking",9/28/06,TSP_Color - Total Soluble Phosphorus Color,Nutrient,100%,0.01,0,,mg/L,0,Final,
LA06WD22,Groundwater,(WD) Well - Domestic,PP-D-022,(LA) Lower Arkansas GW,"Domestic, drinking",9/28/06,TSP_Color - Total Soluble Phosphorus Color,Nutrient,100%,0.01,0,,mg/L,0,Final,
FRU06WD23,Groundwater,(WD) Well - Domestic,PP-D-023,(FRU) Front Range Urban GW,"Domestic, drinking",9/28/06,TSP_Color - Total Soluble Phosphorus Color,Nutrient,100%,0.05,0,,mg/L,0,Final,
FRU06WD24,Groundwater,(WD) Well - Domestic,PP-D-024,(FRU) Front Range Urban GW,"Domestic, drinking",9/29/06,TSP_Color - Total Soluble Phosphorus Color,Nutrient,100%,0.01,0,,mg/L,0,Final,
LA06WD26,Groundwater,(WD) Well - Domestic,PP-D-026,(LA) Lower Arkansas GW,"Domestic, drinking",11/7/06,TSP_Color - Total Soluble Phosphorus Color,Nutrient,100%,0.06,0,,mg/L,0,Final,
LA06WD27,Groundwater,(WD) Well - Domestic,PP-D-027,(LA) Lower Arkansas GW,Commercial,11/7/06,TSP_Color - Total Soluble Phosphorus Color,Nutrient,100%,0.03,0,,mg/L,0,Final,
FRU06WC30,Groundwater,(WC) Well - Commercial,PP-D-030,(FRU) Front Range Urban GW,Commercial,11/8/06,TSP_Color - Total Soluble Phosphorus Color,Nutrient,100%,0.95,0,,mg/L,0,Final,
FRU06WD31,Groundwater,(WD) Well - Domestic,PP-D-031,(FRU) Front Range Urban GW,"Domestic, drinking",11/8/06,TSP_Color - Total Soluble Phosphorus Color,Nutrient,100%,0.22,0,,mg/L,0,Final,
LA06WD33,Groundwater,(WD) Well - Domestic,PP-D-033,(LA) Lower Arkansas GW,"Domestic, non-drinking",11/8/06,TSP_Color - Total Soluble Phosphorus Color,Nutrient,100%,0.01,0,,mg/L,0,Final,
LA06WD37,Groundwater,(WD) Well - Domestic,PP-D-037,(LA) Lower Arkansas GW,"Domestic, drinking",11/9/06,TSP_Color - Total Soluble Phosphorus Color,Nutrient,100%,0.01,0,,mg/L,0,Final,
LA06WD38,Groundwater,(WD) Well - Domestic,PP-D-038,(LA) Lower Arkansas GW,"Domestic, drinking",11/30/06,TSP_Color - Total Soluble Phosphorus Color,Nutrient,100%,0.02,0,,mg/L,0,Final,
LA06WD39,Groundwater,(WD) Well - Domestic,PP-D-039,(LA) Lower Arkansas GW,"Domestic, drinking",11/30/06,TSP_Color - Total Soluble Phosphorus Color,Nutrient,100%,0.01,0,,mg/L,0,Final,
LA06WL42,Groundwater,(WL) Well - Livestock,PP-D-042,(LA) Lower Arkansas GW,Livestock,12/1/06,TSP_Color - Total Soluble Phosphorus Color,Nutrient,100%,0.05,0,,mg/L,0,Final,
FRU06WD45,Groundwater,(WD) Well - Domestic,PP-D-045,(FRU) Front Range Urban GW,"Domestic, drinking",12/1/06,TSP_Color - Total Soluble Phosphorus Color,Nutrient,100%,0.01,0,,mg/L,0,Final,
LA06WD46,Groundwater,(WD) Well - Domestic,PP-D-046,(LA) Lower Arkansas GW,Livestock,12/4/06,TSP_Color - Total Soluble Phosphorus Color,Nutrient,100%,0.02,0,,mg/L,0,Final,
LA06WD49,Groundwater,(WD) Well - Domestic,PP-D-049,(LA) Lower Arkansas GW,Commercial,12/7/06,TSP_Color - Total Soluble Phosphorus Color,Nutrient,100%,0.03,0,,mg/L,0,Final,
LA06CI9,Groundwater,(CI) Well - Crop Irrigation,PP-I-009,(LA) Lower Arkansas GW,"Irrigation, Crop",9/26/06,TSP_Color - Total Soluble Phosphorus Color,Nutrient,100%,0.01,0,,mg/L,0,Final,