SiteID,SiteGroup,SiteType,SiteName,MonitoringRegion,UsagePrim,EventDate,Analyte Name,Analyte Type,DetectFrequency,Result,Qualifier,QualifierType,Units,BDLIndicator,ResultStatus,ResultNote
FRU08WM167,Groundwater,(WM) Well - Monitoring,FR-M-167,(FRU) Front Range Urban GW,No Direct Use (WM),6/28/16,ECs (Field) - Specific Conductance (Field),Physical,100%,3184,0,,uS/cm,0,Final,
FRU08WM167,Groundwater,(WM) Well - Monitoring,FR-M-167,(FRU) Front Range Urban GW,No Direct Use (WM),6/12/13,ECs (Field) - Specific Conductance (Field),Physical,100%,2851,0,,uS/cm,0,Final,
FRU08WM167,Groundwater,(WM) Well - Monitoring,FR-M-167,(FRU) Front Range Urban GW,No Direct Use (WM),7/28/10,ECs (Field) - Specific Conductance (Field),Physical,100%,2107,0,,uS/cm,0,Final,
FRU08WM167,Groundwater,(WM) Well - Monitoring,FR-M-167,(FRU) Front Range Urban GW,No Direct Use (WM),5/29/08,ECs (Field) - Specific Conductance (Field),Physical,100%,2622,0,,uS/cm,0,Final,
FRU08WM168,Groundwater,(WM) Well - Monitoring,FR-M-168,(FRU) Front Range Urban GW,No Direct Use (WM),6/28/16,ECs (Field) - Specific Conductance (Field),Physical,100%,7148,0,,uS/cm,0,Final,
FRU08WM168,Groundwater,(WM) Well - Monitoring,FR-M-168,(FRU) Front Range Urban GW,No Direct Use (WM),6/10/13,ECs (Field) - Specific Conductance (Field),Physical,100%,6800,0,,uS/cm,0,Final,
FRU08WM168,Groundwater,(WM) Well - Monitoring,FR-M-168,(FRU) Front Range Urban GW,No Direct Use (WM),7/29/10,ECs (Field) - Specific Conductance (Field),Physical,100%,5854,0,,uS/cm,0,Final,
FRU08WM168,Groundwater,(WM) Well - Monitoring,FR-M-168,(FRU) Front Range Urban GW,No Direct Use (WM),5/29/08,ECs (Field) - Specific Conductance (Field),Physical,100%,6033,0,,uS/cm,0,Final,
FRU08WM169D,Groundwater,(WM) Well - Monitoring,FR-M-169D,(FRU) Front Range Urban GW,No Direct Use (WM),6/23/16,ECs (Field) - Specific Conductance (Field),Physical,100%,1461,0,,uS/cm,0,Final,
FRU08WM169D,Groundwater,(WM) Well - Monitoring,FR-M-169D,(FRU) Front Range Urban GW,No Direct Use (WM),6/10/13,ECs (Field) - Specific Conductance (Field),Physical,100%,1437,0,,uS/cm,0,Final,
FRU08WM169D,Groundwater,(WM) Well - Monitoring,FR-M-169D,(FRU) Front Range Urban GW,No Direct Use (WM),7/27/10,ECs (Field) - Specific Conductance (Field),Physical,100%,1414,0,,uS/cm,0,Final,
FRU08WM169D,Groundwater,(WM) Well - Monitoring,FR-M-169D,(FRU) Front Range Urban GW,No Direct Use (WM),5/28/08,ECs (Field) - Specific Conductance (Field),Physical,100%,1431,0,,uS/cm,0,Final,
FRU08WM169S,Groundwater,(WM) Well - Monitoring,FR-M-169S,(FRU) Front Range Urban GW,No Direct Use (WM),6/23/16,ECs (Field) - Specific Conductance (Field),Physical,100%,2125,0,,uS/cm,0,Final,
FRU08WM169S,Groundwater,(WM) Well - Monitoring,FR-M-169S,(FRU) Front Range Urban GW,No Direct Use (WM),6/10/13,ECs (Field) - Specific Conductance (Field),Physical,100%,1438,0,,uS/cm,0,Final,
FRU08WM169S,Groundwater,(WM) Well - Monitoring,FR-M-169S,(FRU) Front Range Urban GW,No Direct Use (WM),7/27/10,ECs (Field) - Specific Conductance (Field),Physical,100%,1555,0,,uS/cm,0,Final,
FRU08WM169S,Groundwater,(WM) Well - Monitoring,FR-M-169S,(FRU) Front Range Urban GW,No Direct Use (WM),5/28/08,ECs (Field) - Specific Conductance (Field),Physical,100%,1543,0,,uS/cm,0,Final,
FRU08WM170,Groundwater,(WM) Well - Monitoring,FR-M-170,(FRU) Front Range Urban GW,No Direct Use (WM),6/11/13,ECs (Field) - Specific Conductance (Field),Physical,100%,1089,0,,uS/cm,0,Final,
FRU08WM170,Groundwater,(WM) Well - Monitoring,FR-M-170,(FRU) Front Range Urban GW,No Direct Use (WM),7/28/10,ECs (Field) - Specific Conductance (Field),Physical,100%,1054,0,,uS/cm,0,Final,
FRU08WM170,Groundwater,(WM) Well - Monitoring,FR-M-170,(FRU) Front Range Urban GW,No Direct Use (WM),5/27/08,ECs (Field) - Specific Conductance (Field),Physical,100%,998,0,,uS/cm,0,Final,
FRU08WM171,Groundwater,(WM) Well - Monitoring,FR-M-171,(FRU) Front Range Urban GW,No Direct Use (WM),6/22/16,ECs (Field) - Specific Conductance (Field),Physical,100%,1318,0,,uS/cm,0,Final,
FRU08WM171,Groundwater,(WM) Well - Monitoring,FR-M-171,(FRU) Front Range Urban GW,No Direct Use (WM),6/12/13,ECs (Field) - Specific Conductance (Field),Physical,100%,2159,0,,uS/cm,0,Final,
FRU08WM171,Groundwater,(WM) Well - Monitoring,FR-M-171,(FRU) Front Range Urban GW,No Direct Use (WM),7/29/10,ECs (Field) - Specific Conductance (Field),Physical,100%,1846,0,,uS/cm,0,Final,
FRU08WM171,Groundwater,(WM) Well - Monitoring,FR-M-171,(FRU) Front Range Urban GW,No Direct Use (WM),5/29/08,ECs (Field) - Specific Conductance (Field),Physical,100%,2399,0,,uS/cm,0,Final,
FRU08WM172,Groundwater,(WM) Well - Monitoring,FR-M-172,(FRU) Front Range Urban GW,No Direct Use (WM),6/12/13,ECs (Field) - Specific Conductance (Field),Physical,100%,2652,0,,uS/cm,0,Final,
FRU08WM172,Groundwater,(WM) Well - Monitoring,FR-M-172,(FRU) Front Range Urban GW,No Direct Use (WM),7/27/10,ECs (Field) - Specific Conductance (Field),Physical,100%,3412,0,,uS/cm,0,Final,
FRU08WM172,Groundwater,(WM) Well - Monitoring,FR-M-172,(FRU) Front Range Urban GW,No Direct Use (WM),5/27/08,ECs (Field) - Specific Conductance (Field),Physical,100%,3353,0,,uS/cm,0,Final,
FRU08WM173D,Groundwater,(WM) Well - Monitoring,FR-M-173D,(FRU) Front Range Urban GW,No Direct Use (WM),6/23/16,ECs (Field) - Specific Conductance (Field),Physical,100%,2204,0,,uS/cm,0,Final,
FRU08WM173D,Groundwater,(WM) Well - Monitoring,FR-M-173D,(FRU) Front Range Urban GW,No Direct Use (WM),6/11/13,ECs (Field) - Specific Conductance (Field),Physical,100%,2069,0,,uS/cm,0,Final,
FRU08WM173D,Groundwater,(WM) Well - Monitoring,FR-M-173D,(FRU) Front Range Urban GW,No Direct Use (WM),7/28/10,ECs (Field) - Specific Conductance (Field),Physical,100%,2327,0,,uS/cm,0,Final,
FRU08WM173D,Groundwater,(WM) Well - Monitoring,FR-M-173D,(FRU) Front Range Urban GW,No Direct Use (WM),5/28/08,ECs (Field) - Specific Conductance (Field),Physical,100%,2032,0,,uS/cm,0,Final,
FRU08WM173S,Groundwater,(WM) Well - Monitoring,FR-M-173S,(FRU) Front Range Urban GW,No Direct Use (WM),6/23/16,ECs (Field) - Specific Conductance (Field),Physical,100%,1100,0,,uS/cm,0,Final,
FRU08WM173S,Groundwater,(WM) Well - Monitoring,FR-M-173S,(FRU) Front Range Urban GW,No Direct Use (WM),6/11/13,ECs (Field) - Specific Conductance (Field),Physical,100%,895,0,,uS/cm,0,Final,
FRU08WM173S,Groundwater,(WM) Well - Monitoring,FR-M-173S,(FRU) Front Range Urban GW,No Direct Use (WM),7/28/10,ECs (Field) - Specific Conductance (Field),Physical,100%,1090,0,,uS/cm,0,Final,
FRU08WM173S,Groundwater,(WM) Well - Monitoring,FR-M-173S,(FRU) Front Range Urban GW,No Direct Use (WM),5/28/08,ECs (Field) - Specific Conductance (Field),Physical,100%,1270,0,,uS/cm,0,Final,
FRU08WM174,Groundwater,(WM) Well - Monitoring,FR-M-174,(FRU) Front Range Urban GW,No Direct Use (WM),6/22/16,ECs (Field) - Specific Conductance (Field),Physical,100%,1197,0,,uS/cm,0,Final,
FRU08WM174,Groundwater,(WM) Well - Monitoring,FR-M-174,(FRU) Front Range Urban GW,No Direct Use (WM),6/10/13,ECs (Field) - Specific Conductance (Field),Physical,100%,967,0,,uS/cm,0,Final,
FRU08WM174,Groundwater,(WM) Well - Monitoring,FR-M-174,(FRU) Front Range Urban GW,No Direct Use (WM),7/29/10,ECs (Field) - Specific Conductance (Field),Physical,100%,1112,0,,uS/cm,0,Final,
FRU08WM174,Groundwater,(WM) Well - Monitoring,FR-M-174,(FRU) Front Range Urban GW,No Direct Use (WM),5/28/08,ECs (Field) - Specific Conductance (Field),Physical,100%,1141,0,,uS/cm,0,Final,
FRU08WM175,Groundwater,(WM) Well - Monitoring,FR-M-175,(FRU) Front Range Urban GW,No Direct Use (WM),6/22/16,ECs (Field) - Specific Conductance (Field),Physical,100%,1040,0,,uS/cm,0,Final,
FRU08WM175,Groundwater,(WM) Well - Monitoring,FR-M-175,(FRU) Front Range Urban GW,No Direct Use (WM),6/10/13,ECs (Field) - Specific Conductance (Field),Physical,100%,825,0,,uS/cm,0,Final,
FRU08WM175,Groundwater,(WM) Well - Monitoring,FR-M-175,(FRU) Front Range Urban GW,No Direct Use (WM),7/28/10,ECs (Field) - Specific Conductance (Field),Physical,100%,849,0,,uS/cm,0,Final,
FRU08WM175,Groundwater,(WM) Well - Monitoring,FR-M-175,(FRU) Front Range Urban GW,No Direct Use (WM),5/27/08,ECs (Field) - Specific Conductance (Field),Physical,100%,839,0,,uS/cm,0,Final,
FRU06WP2,Groundwater,(WP) Well - Public Supply,PP-D-002,(FRU) Front Range Urban GW,Public Supply,9/25/06,ECs (Field) - Specific Conductance (Field),Physical,100%,206,0,,uS/cm,0,Final,
LA06WD3,Groundwater,(WD) Well - Domestic,PP-D-003,(LA) Lower Arkansas GW,"Domestic, drinking",9/25/06,ECs (Field) - Specific Conductance (Field),Physical,100%,190,0,,uS/cm,0,Final,
LA06WD4,Groundwater,(WD) Well - Domestic,PP-D-004,(LA) Lower Arkansas GW,"Domestic, drinking",9/26/06,ECs (Field) - Specific Conductance (Field),Physical,100%,337,0,,uS/cm,0,Final,
LSP06WD5,Groundwater,(WD) Well - Domestic,PP-D-005,(LSP) Lower South Platte GW,"Domestic, drinking",9/26/06,ECs (Field) - Specific Conductance (Field),Physical,100%,208,0,,uS/cm,0,Final,
LSP06WD6,Groundwater,(WD) Well - Domestic,PP-D-006,(LSP) Lower South Platte GW,"Domestic, drinking",9/26/06,ECs (Field) - Specific Conductance (Field),Physical,100%,196,0,,uS/cm,0,Final,
LA06WD7,Groundwater,(WD) Well - Domestic,PP-D-007,(LA) Lower Arkansas GW,"Domestic, drinking",9/26/06,ECs (Field) - Specific Conductance (Field),Physical,100%,195,0,,uS/cm,0,Final,
LA06WD8,Groundwater,(WD) Well - Domestic,PP-D-008,(LA) Lower Arkansas GW,"Domestic, drinking",9/26/06,ECs (Field) - Specific Conductance (Field),Physical,100%,658,0,,uS/cm,0,Final,
LA06WD10,Groundwater,(WD) Well - Domestic,PP-D-010,(LA) Lower Arkansas GW,"Domestic, drinking",9/26/06,ECs (Field) - Specific Conductance (Field),Physical,100%,369,0,,uS/cm,0,Final,
LA06WD11,Groundwater,(WD) Well - Domestic,PP-D-011,(LA) Lower Arkansas GW,"Domestic, drinking",9/26/06,ECs (Field) - Specific Conductance (Field),Physical,100%,373,0,,uS/cm,0,Final,
LA06WD12,Groundwater,(WD) Well - Domestic,PP-D-012,(LA) Lower Arkansas GW,"Domestic, drinking",9/27/06,ECs (Field) - Specific Conductance (Field),Physical,100%,1436,0,,uS/cm,0,Final,
LA06WD13,Groundwater,(WD) Well - Domestic,PP-D-013,(LA) Lower Arkansas GW,"Domestic, drinking",9/27/06,ECs (Field) - Specific Conductance (Field),Physical,100%,749,0,,uS/cm,0,Final,
LA06WP14,Groundwater,(WP) Well - Public Supply,PP-D-014,(LA) Lower Arkansas GW,Public Supply,9/27/06,ECs (Field) - Specific Conductance (Field),Physical,100%,392,0,,uS/cm,0,Final,
LA06WP15,Groundwater,(WP) Well - Public Supply,PP-D-015,(LA) Lower Arkansas GW,Public Supply,9/27/06,ECs (Field) - Specific Conductance (Field),Physical,100%,414,0,,uS/cm,0,Final,
LA06WD16,Groundwater,(WD) Well - Domestic,PP-D-016,(LA) Lower Arkansas GW,"Domestic, drinking",9/27/06,ECs (Field) - Specific Conductance (Field),Physical,100%,475,0,,uS/cm,0,Final,
MTN06WD17,Groundwater,(WD) Well - Domestic,PP-D-017,(MTN) Mountainous Area GW,"Domestic, drinking",9/28/06,ECs (Field) - Specific Conductance (Field),Physical,100%,559,0,,uS/cm,0,Final,
FRU06WD18,Groundwater,(WD) Well - Domestic,PP-D-018,(FRU) Front Range Urban GW,"Domestic, drinking",9/28/06,ECs (Field) - Specific Conductance (Field),Physical,100%,1950,0,,uS/cm,0,Final,
FRU06WD19,Groundwater,(WD) Well - Domestic,PP-D-019,(FRU) Front Range Urban GW,"Domestic, drinking",9/28/06,ECs (Field) - Specific Conductance (Field),Physical,100%,1498,0,,uS/cm,0,Final,
FRU06WP20,Groundwater,(WP) Well - Public Supply,PP-D-020,(FRU) Front Range Urban GW,Public Supply,9/28/06,ECs (Field) - Specific Conductance (Field),Physical,100%,1512,0,,uS/cm,0,Final,
LA06WD21,Groundwater,(WD) Well - Domestic,PP-D-021,(LA) Lower Arkansas GW,"Domestic, drinking",9/28/06,ECs (Field) - Specific Conductance (Field),Physical,100%,1536,0,,uS/cm,0,Final,
LA06WD22,Groundwater,(WD) Well - Domestic,PP-D-022,(LA) Lower Arkansas GW,"Domestic, drinking",9/28/06,ECs (Field) - Specific Conductance (Field),Physical,100%,753,0,,uS/cm,0,Final,
FRU06WD23,Groundwater,(WD) Well - Domestic,PP-D-023,(FRU) Front Range Urban GW,"Domestic, drinking",9/28/06,ECs (Field) - Specific Conductance (Field),Physical,100%,272,0,,uS/cm,0,Final,
FRU06WD24,Groundwater,(WD) Well - Domestic,PP-D-024,(FRU) Front Range Urban GW,"Domestic, drinking",9/29/06,ECs (Field) - Specific Conductance (Field),Physical,100%,266,0,,uS/cm,0,Final,
FRU06WD25,Groundwater,(WD) Well - Domestic,PP-D-025,(FRU) Front Range Urban GW,"Domestic, non-drinking",9/29/06,ECs (Field) - Specific Conductance (Field),Physical,100%,2000,0,,uS/cm,0,Final,
LA06WD26,Groundwater,(WD) Well - Domestic,PP-D-026,(LA) Lower Arkansas GW,"Domestic, drinking",11/7/06,ECs (Field) - Specific Conductance (Field),Physical,100%,641,0,,uS/cm,0,Final,
LA06WD27,Groundwater,(WD) Well - Domestic,PP-D-027,(LA) Lower Arkansas GW,Commercial,11/7/06,ECs (Field) - Specific Conductance (Field),Physical,100%,484,0,,uS/cm,0,Final,
LA06WD28,Groundwater,(WD) Well - Domestic,PP-D-028,(LA) Lower Arkansas GW,"Domestic, drinking",11/7/06,ECs (Field) - Specific Conductance (Field),Physical,100%,259,0,,uS/cm,0,Final,
LA06WD29,Groundwater,(WD) Well - Domestic,PP-D-029,(LA) Lower Arkansas GW,"Domestic, drinking",11/8/06,ECs (Field) - Specific Conductance (Field),Physical,100%,519,0,,uS/cm,0,Final,
FRU06WC30,Groundwater,(WC) Well - Commercial,PP-D-030,(FRU) Front Range Urban GW,Commercial,11/8/06,ECs (Field) - Specific Conductance (Field),Physical,100%,1548,0,,uS/cm,0,Final,
FRU06WD31,Groundwater,(WD) Well - Domestic,PP-D-031,(FRU) Front Range Urban GW,"Domestic, drinking",11/8/06,ECs (Field) - Specific Conductance (Field),Physical,100%,839,0,,uS/cm,0,Final,
FRU06WR32,Groundwater,(WR) Well - Recreation,PP-D-032,(FRU) Front Range Urban GW,Recreation,11/8/06,ECs (Field) - Specific Conductance (Field),Physical,100%,1726,0,,uS/cm,0,Final,
LA06WD33,Groundwater,(WD) Well - Domestic,PP-D-033,(LA) Lower Arkansas GW,"Domestic, non-drinking",11/8/06,ECs (Field) - Specific Conductance (Field),Physical,100%,6140,0,,uS/cm,0,Final,
LA06WD34,Groundwater,(WD) Well - Domestic,PP-D-034,(LA) Lower Arkansas GW,"Domestic, drinking",11/9/06,ECs (Field) - Specific Conductance (Field),Physical,100%,740,0,,uS/cm,0,Final,
LA06WD35,Groundwater,(WD) Well - Domestic,PP-D-035,(LA) Lower Arkansas GW,"Domestic, drinking",11/9/06,ECs (Field) - Specific Conductance (Field),Physical,100%,1333,0,,uS/cm,0,Final,
LA06WD36,Groundwater,(WD) Well - Domestic,PP-D-036,(LA) Lower Arkansas GW,"Domestic, non-drinking",11/9/06,ECs (Field) - Specific Conductance (Field),Physical,100%,750,0,,uS/cm,0,Final,
LA06WD37,Groundwater,(WD) Well - Domestic,PP-D-037,(LA) Lower Arkansas GW,"Domestic, drinking",11/9/06,ECs (Field) - Specific Conductance (Field),Physical,100%,395,0,,uS/cm,0,Final,
LA06WD38,Groundwater,(WD) Well - Domestic,PP-D-038,(LA) Lower Arkansas GW,"Domestic, drinking",11/30/06,ECs (Field) - Specific Conductance (Field),Physical,100%,486,0,,uS/cm,0,Final,
LA06WD39,Groundwater,(WD) Well - Domestic,PP-D-039,(LA) Lower Arkansas GW,"Domestic, drinking",11/30/06,ECs (Field) - Specific Conductance (Field),Physical,100%,948,0,,uS/cm,0,Final,
LA06WD40,Groundwater,(WD) Well - Domestic,PP-D-040,(LA) Lower Arkansas GW,"Domestic, drinking",11/30/06,ECs (Field) - Specific Conductance (Field),Physical,100%,496,0,,uS/cm,0,Final,
LA06WD41,Groundwater,(WD) Well - Domestic,PP-D-041,(LA) Lower Arkansas GW,"Domestic, drinking",11/30/06,ECs (Field) - Specific Conductance (Field),Physical,100%,471,0,,uS/cm,0,Final,
LA06WL42,Groundwater,(WL) Well - Livestock,PP-D-042,(LA) Lower Arkansas GW,Livestock,12/1/06,ECs (Field) - Specific Conductance (Field),Physical,100%,594,0,,uS/cm,0,Final,
LA06WL43,Groundwater,(WL) Well - Livestock,PP-D-043,(LA) Lower Arkansas GW,Livestock,12/1/06,ECs (Field) - Specific Conductance (Field),Physical,100%,865,0,,uS/cm,0,Final,
LA06WL44,Groundwater,(WL) Well - Livestock,PP-D-044,(LA) Lower Arkansas GW,Livestock,12/1/06,ECs (Field) - Specific Conductance (Field),Physical,100%,837,0,,uS/cm,0,Final,
FRU06WD45,Groundwater,(WD) Well - Domestic,PP-D-045,(FRU) Front Range Urban GW,"Domestic, drinking",12/1/06,ECs (Field) - Specific Conductance (Field),Physical,100%,1636,0,,uS/cm,0,Final,
LA06WD46,Groundwater,(WD) Well - Domestic,PP-D-046,(LA) Lower Arkansas GW,Livestock,12/4/06,ECs (Field) - Specific Conductance (Field),Physical,100%,977,0,,uS/cm,0,Final,
LA06WD47,Groundwater,(WD) Well - Domestic,PP-D-047,(LA) Lower Arkansas GW,"Domestic, non-drinking",12/4/06,ECs (Field) - Specific Conductance (Field),Physical,100%,1868,0,,uS/cm,0,Final,
LA06WD48,Groundwater,(WD) Well - Domestic,PP-D-048,(LA) Lower Arkansas GW,Livestock,12/4/06,ECs (Field) - Specific Conductance (Field),Physical,100%,5580,0,,uS/cm,0,Final,
LA06WD49,Groundwater,(WD) Well - Domestic,PP-D-049,(LA) Lower Arkansas GW,Commercial,12/7/06,ECs (Field) - Specific Conductance (Field),Physical,100%,542,0,,uS/cm,0,Final,
LA06CI9,Groundwater,(CI) Well - Crop Irrigation,PP-I-009,(LA) Lower Arkansas GW,"Irrigation, Crop",9/26/06,ECs (Field) - Specific Conductance (Field),Physical,100%,1202,0,,uS/cm,0,Final,
FRU08WM174,Groundwater,(WM) Well - Monitoring,FR-M-174,(FRU) Front Range Urban GW,No Direct Use (WM),7/1/24,ECs (Field) - Specific Conductance (Field),Physical,100%,1527,0,,uS/cm,0,Final,
FRU08WM171,Groundwater,(WM) Well - Monitoring,FR-M-171,(FRU) Front Range Urban GW,No Direct Use (WM),7/1/24,ECs (Field) - Specific Conductance (Field),Physical,100%,2797,0,,uS/cm,0,Final,
FRU08WM175,Groundwater,(WM) Well - Monitoring,FR-M-175,(FRU) Front Range Urban GW,No Direct Use (WM),7/1/24,ECs (Field) - Specific Conductance (Field),Physical,100%,871,0,,uS/cm,0,Final,
FRU08WM169S,Groundwater,(WM) Well - Monitoring,FR-M-169S,(FRU) Front Range Urban GW,No Direct Use (WM),7/1/24,ECs (Field) - Specific Conductance (Field),Physical,100%,1829,0,,uS/cm,0,Final,
FRU08WM169D,Groundwater,(WM) Well - Monitoring,FR-M-169D,(FRU) Front Range Urban GW,No Direct Use (WM),7/1/24,ECs (Field) - Specific Conductance (Field),Physical,100%,1493,0,,uS/cm,0,Final,
FRU08WM172,Groundwater,(WM) Well - Monitoring,FR-M-172,(FRU) Front Range Urban GW,No Direct Use (WM),7/1/24,ECs (Field) - Specific Conductance (Field),Physical,100%,4344,0,,uS/cm,0,Final,
FRU08WM167,Groundwater,(WM) Well - Monitoring,FR-M-167,(FRU) Front Range Urban GW,No Direct Use (WM),7/2/24,ECs (Field) - Specific Conductance (Field),Physical,100%,2937,0,,uS/cm,0,Final,
FRU08WM167,Groundwater,(WM) Well - Monitoring,FR-M-167,(FRU) Front Range Urban GW,No Direct Use (WM),5/29/08,ECs (Lab) - Specific Conductance (Lab),Physical,100%,2460,0,,uS/cm,0,Final,
FRU08WM168,Groundwater,(WM) Well - Monitoring,FR-M-168,(FRU) Front Range Urban GW,No Direct Use (WM),5/29/08,ECs (Lab) - Specific Conductance (Lab),Physical,100%,5480,0,,uS/cm,0,Final,
FRU08WM169D,Groundwater,(WM) Well - Monitoring,FR-M-169D,(FRU) Front Range Urban GW,No Direct Use (WM),5/28/08,ECs (Lab) - Specific Conductance (Lab),Physical,100%,1320,0,,uS/cm,0,Final,
FRU08WM169S,Groundwater,(WM) Well - Monitoring,FR-M-169S,(FRU) Front Range Urban GW,No Direct Use (WM),5/28/08,ECs (Lab) - Specific Conductance (Lab),Physical,100%,1590,0,,uS/cm,0,Final,
FRU08WM170,Groundwater,(WM) Well - Monitoring,FR-M-170,(FRU) Front Range Urban GW,No Direct Use (WM),5/27/08,ECs (Lab) - Specific Conductance (Lab),Physical,100%,988,0,,uS/cm,0,Final,
FRU08WM171,Groundwater,(WM) Well - Monitoring,FR-M-171,(FRU) Front Range Urban GW,No Direct Use (WM),5/29/08,ECs (Lab) - Specific Conductance (Lab),Physical,100%,2120,0,,uS/cm,0,Final,
FRU08WM172,Groundwater,(WM) Well - Monitoring,FR-M-172,(FRU) Front Range Urban GW,No Direct Use (WM),5/27/08,ECs (Lab) - Specific Conductance (Lab),Physical,100%,2936,0,,uS/cm,0,Final,
FRU08WM173D,Groundwater,(WM) Well - Monitoring,FR-M-173D,(FRU) Front Range Urban GW,No Direct Use (WM),5/28/08,ECs (Lab) - Specific Conductance (Lab),Physical,100%,1940,0,,uS/cm,0,Final,
FRU08WM173S,Groundwater,(WM) Well - Monitoring,FR-M-173S,(FRU) Front Range Urban GW,No Direct Use (WM),5/28/08,ECs (Lab) - Specific Conductance (Lab),Physical,100%,1130,0,,uS/cm,0,Final,
FRU08WM174,Groundwater,(WM) Well - Monitoring,FR-M-174,(FRU) Front Range Urban GW,No Direct Use (WM),5/28/08,ECs (Lab) - Specific Conductance (Lab),Physical,100%,1150,0,,uS/cm,0,Final,
FRU08WM175,Groundwater,(WM) Well - Monitoring,FR-M-175,(FRU) Front Range Urban GW,No Direct Use (WM),5/27/08,ECs (Lab) - Specific Conductance (Lab),Physical,100%,803,0,,uS/cm,0,Final,
FRU06WP2,Groundwater,(WP) Well - Public Supply,PP-D-002,(FRU) Front Range Urban GW,Public Supply,9/25/06,ECs (Lab) - Specific Conductance (Lab),Physical,100%,129,0,,uS/cm,0,Final,
LA06WD3,Groundwater,(WD) Well - Domestic,PP-D-003,(LA) Lower Arkansas GW,"Domestic, drinking",9/25/06,ECs (Lab) - Specific Conductance (Lab),Physical,100%,105,0,,uS/cm,0,Final,
LA06WD4,Groundwater,(WD) Well - Domestic,PP-D-004,(LA) Lower Arkansas GW,"Domestic, drinking",9/26/06,ECs (Lab) - Specific Conductance (Lab),Physical,100%,195,0,,uS/cm,0,Final,
LSP06WD5,Groundwater,(WD) Well - Domestic,PP-D-005,(LSP) Lower South Platte GW,"Domestic, drinking",9/26/06,ECs (Lab) - Specific Conductance (Lab),Physical,100%,125,0,,uS/cm,0,Final,
LSP06WD6,Groundwater,(WD) Well - Domestic,PP-D-006,(LSP) Lower South Platte GW,"Domestic, drinking",9/26/06,ECs (Lab) - Specific Conductance (Lab),Physical,100%,112,0,,uS/cm,0,Final,
LA06WD7,Groundwater,(WD) Well - Domestic,PP-D-007,(LA) Lower Arkansas GW,"Domestic, drinking",9/26/06,ECs (Lab) - Specific Conductance (Lab),Physical,100%,125,0,,uS/cm,0,Final,
LA06WD8,Groundwater,(WD) Well - Domestic,PP-D-008,(LA) Lower Arkansas GW,"Domestic, drinking",9/26/06,ECs (Lab) - Specific Conductance (Lab),Physical,100%,391,0,,uS/cm,0,Final,
LA06WD10,Groundwater,(WD) Well - Domestic,PP-D-010,(LA) Lower Arkansas GW,"Domestic, drinking",9/26/06,ECs (Lab) - Specific Conductance (Lab),Physical,100%,249,0,,uS/cm,0,Final,
LA06WD11,Groundwater,(WD) Well - Domestic,PP-D-011,(LA) Lower Arkansas GW,"Domestic, drinking",9/26/06,ECs (Lab) - Specific Conductance (Lab),Physical,100%,224,0,,uS/cm,0,Final,
LA06WD12,Groundwater,(WD) Well - Domestic,PP-D-012,(LA) Lower Arkansas GW,"Domestic, drinking",9/27/06,ECs (Lab) - Specific Conductance (Lab),Physical,100%,898,0,,uS/cm,0,Final,
LA06WD13,Groundwater,(WD) Well - Domestic,PP-D-013,(LA) Lower Arkansas GW,"Domestic, drinking",9/27/06,ECs (Lab) - Specific Conductance (Lab),Physical,100%,438,0,,uS/cm,0,Final,
LA06WP14,Groundwater,(WP) Well - Public Supply,PP-D-014,(LA) Lower Arkansas GW,Public Supply,9/27/06,ECs (Lab) - Specific Conductance (Lab),Physical,100%,223,0,,uS/cm,0,Final,
LA06WP15,Groundwater,(WP) Well - Public Supply,PP-D-015,(LA) Lower Arkansas GW,Public Supply,9/27/06,ECs (Lab) - Specific Conductance (Lab),Physical,100%,244,0,,uS/cm,0,Final,
LA06WD16,Groundwater,(WD) Well - Domestic,PP-D-016,(LA) Lower Arkansas GW,"Domestic, drinking",9/27/06,ECs (Lab) - Specific Conductance (Lab),Physical,100%,307,0,,uS/cm,0,Final,
MTN06WD17,Groundwater,(WD) Well - Domestic,PP-D-017,(MTN) Mountainous Area GW,"Domestic, drinking",9/28/06,ECs (Lab) - Specific Conductance (Lab),Physical,100%,333,0,,uS/cm,0,Final,
FRU06WD18,Groundwater,(WD) Well - Domestic,PP-D-018,(FRU) Front Range Urban GW,"Domestic, drinking",9/28/06,ECs (Lab) - Specific Conductance (Lab),Physical,100%,1217,0,,uS/cm,0,Final,
FRU06WD19,Groundwater,(WD) Well - Domestic,PP-D-019,(FRU) Front Range Urban GW,"Domestic, drinking",9/28/06,ECs (Lab) - Specific Conductance (Lab),Physical,100%,910,0,,uS/cm,0,Final,
FRU06WP20,Groundwater,(WP) Well - Public Supply,PP-D-020,(FRU) Front Range Urban GW,Public Supply,9/28/06,ECs (Lab) - Specific Conductance (Lab),Physical,100%,900,0,,uS/cm,0,Final,
LA06WD21,Groundwater,(WD) Well - Domestic,PP-D-021,(LA) Lower Arkansas GW,"Domestic, drinking",9/28/06,ECs (Lab) - Specific Conductance (Lab),Physical,100%,892,0,,uS/cm,0,Final,
LA06WD22,Groundwater,(WD) Well - Domestic,PP-D-022,(LA) Lower Arkansas GW,"Domestic, drinking",9/28/06,ECs (Lab) - Specific Conductance (Lab),Physical,100%,477,0,,uS/cm,0,Final,
FRU06WD23,Groundwater,(WD) Well - Domestic,PP-D-023,(FRU) Front Range Urban GW,"Domestic, drinking",9/28/06,ECs (Lab) - Specific Conductance (Lab),Physical,100%,157,0,,uS/cm,0,Final,
FRU06WD24,Groundwater,(WD) Well - Domestic,PP-D-024,(FRU) Front Range Urban GW,"Domestic, drinking",9/29/06,ECs (Lab) - Specific Conductance (Lab),Physical,100%,164,0,,uS/cm,0,Final,
FRU06WD25,Groundwater,(WD) Well - Domestic,PP-D-025,(FRU) Front Range Urban GW,"Domestic, non-drinking",9/29/06,ECs (Lab) - Specific Conductance (Lab),Physical,100%,1110,0,,uS/cm,0,Final,
LA06WD26,Groundwater,(WD) Well - Domestic,PP-D-026,(LA) Lower Arkansas GW,"Domestic, drinking",11/7/06,ECs (Lab) - Specific Conductance (Lab),Physical,100%,367,0,,uS/cm,0,Final,
LA06WD27,Groundwater,(WD) Well - Domestic,PP-D-027,(LA) Lower Arkansas GW,Commercial,11/7/06,ECs (Lab) - Specific Conductance (Lab),Physical,100%,260,0,,uS/cm,0,Final,
LA06WD28,Groundwater,(WD) Well - Domestic,PP-D-028,(LA) Lower Arkansas GW,"Domestic, drinking",11/7/06,ECs (Lab) - Specific Conductance (Lab),Physical,100%,125,0,,uS/cm,0,Final,
LA06WD29,Groundwater,(WD) Well - Domestic,PP-D-029,(LA) Lower Arkansas GW,"Domestic, drinking",11/8/06,ECs (Lab) - Specific Conductance (Lab),Physical,100%,248,0,,uS/cm,0,Final,
FRU06WC30,Groundwater,(WC) Well - Commercial,PP-D-030,(FRU) Front Range Urban GW,Commercial,11/8/06,ECs (Lab) - Specific Conductance (Lab),Physical,100%,768,0,,uS/cm,0,Final,
FRU06WD31,Groundwater,(WD) Well - Domestic,PP-D-031,(FRU) Front Range Urban GW,"Domestic, drinking",11/8/06,ECs (Lab) - Specific Conductance (Lab),Physical,100%,398,0,,uS/cm,0,Final,
FRU06WR32,Groundwater,(WR) Well - Recreation,PP-D-032,(FRU) Front Range Urban GW,Recreation,11/8/06,ECs (Lab) - Specific Conductance (Lab),Physical,100%,706,0,,uS/cm,0,Final,
LA06WD33,Groundwater,(WD) Well - Domestic,PP-D-033,(LA) Lower Arkansas GW,"Domestic, non-drinking",11/8/06,ECs (Lab) - Specific Conductance (Lab),Physical,100%,3446,0,,uS/cm,0,Final,
LA06WD34,Groundwater,(WD) Well - Domestic,PP-D-034,(LA) Lower Arkansas GW,"Domestic, drinking",11/9/06,ECs (Lab) - Specific Conductance (Lab),Physical,100%,369,0,,uS/cm,0,Final,
LA06WD35,Groundwater,(WD) Well - Domestic,PP-D-035,(LA) Lower Arkansas GW,"Domestic, drinking",11/9/06,ECs (Lab) - Specific Conductance (Lab),Physical,100%,616,0,,uS/cm,0,Final,
LA06WD36,Groundwater,(WD) Well - Domestic,PP-D-036,(LA) Lower Arkansas GW,"Domestic, non-drinking",11/9/06,ECs (Lab) - Specific Conductance (Lab),Physical,100%,404,0,,uS/cm,0,Final,
LA06WD37,Groundwater,(WD) Well - Domestic,PP-D-037,(LA) Lower Arkansas GW,"Domestic, drinking",11/9/06,ECs (Lab) - Specific Conductance (Lab),Physical,100%,223,0,,uS/cm,0,Final,
LA06WD38,Groundwater,(WD) Well - Domestic,PP-D-038,(LA) Lower Arkansas GW,"Domestic, drinking",11/30/06,ECs (Lab) - Specific Conductance (Lab),Physical,100%,269,0,,uS/cm,0,Final,
LA06WD39,Groundwater,(WD) Well - Domestic,PP-D-039,(LA) Lower Arkansas GW,"Domestic, drinking",11/30/06,ECs (Lab) - Specific Conductance (Lab),Physical,100%,454,0,,uS/cm,0,Final,
LA06WD40,Groundwater,(WD) Well - Domestic,PP-D-040,(LA) Lower Arkansas GW,"Domestic, drinking",11/30/06,ECs (Lab) - Specific Conductance (Lab),Physical,100%,243,0,,uS/cm,0,Final,
LA06WD41,Groundwater,(WD) Well - Domestic,PP-D-041,(LA) Lower Arkansas GW,"Domestic, drinking",11/30/06,ECs (Lab) - Specific Conductance (Lab),Physical,100%,235,0,,uS/cm,0,Final,
LA06WL42,Groundwater,(WL) Well - Livestock,PP-D-042,(LA) Lower Arkansas GW,Livestock,12/1/06,ECs (Lab) - Specific Conductance (Lab),Physical,100%,312,0,,uS/cm,0,Final,
LA06WL43,Groundwater,(WL) Well - Livestock,PP-D-043,(LA) Lower Arkansas GW,Livestock,12/1/06,ECs (Lab) - Specific Conductance (Lab),Physical,100%,496,0,,uS/cm,0,Final,
LA06WL44,Groundwater,(WL) Well - Livestock,PP-D-044,(LA) Lower Arkansas GW,Livestock,12/1/06,ECs (Lab) - Specific Conductance (Lab),Physical,100%,456,0,,uS/cm,0,Final,
FRU06WD45,Groundwater,(WD) Well - Domestic,PP-D-045,(FRU) Front Range Urban GW,"Domestic, drinking",12/1/06,ECs (Lab) - Specific Conductance (Lab),Physical,100%,872,0,,uS/cm,0,Final,
LA06WD46,Groundwater,(WD) Well - Domestic,PP-D-046,(LA) Lower Arkansas GW,Livestock,12/4/06,ECs (Lab) - Specific Conductance (Lab),Physical,100%,512,0,,uS/cm,0,Final,
LA06WD47,Groundwater,(WD) Well - Domestic,PP-D-047,(LA) Lower Arkansas GW,"Domestic, non-drinking",12/4/06,ECs (Lab) - Specific Conductance (Lab),Physical,100%,1046,0,,uS/cm,0,Final,
LA06WD48,Groundwater,(WD) Well - Domestic,PP-D-048,(LA) Lower Arkansas GW,Livestock,12/4/06,ECs (Lab) - Specific Conductance (Lab),Physical,100%,2948,0,,uS/cm,0,Final,
LA06WD49,Groundwater,(WD) Well - Domestic,PP-D-049,(LA) Lower Arkansas GW,Commercial,12/7/06,ECs (Lab) - Specific Conductance (Lab),Physical,100%,279,0,,uS/cm,0,Final,
LA06CI9,Groundwater,(CI) Well - Crop Irrigation,PP-I-009,(LA) Lower Arkansas GW,"Irrigation, Crop",9/26/06,ECs (Lab) - Specific Conductance (Lab),Physical,100%,714,0,,uS/cm,0,Final,
FRU08WM167,Groundwater,(WM) Well - Monitoring,FR-M-167,(FRU) Front Range Urban GW,No Direct Use (WM),5/29/08,Hardness_CaCO3 - Hardness (CaCO3),Physical,100%,1075,0,,mg/L,0,Final,
FRU08WM168,Groundwater,(WM) Well - Monitoring,FR-M-168,(FRU) Front Range Urban GW,No Direct Use (WM),5/29/08,Hardness_CaCO3 - Hardness (CaCO3),Physical,100%,891,0,,mg/L,0,Final,
FRU08WM169D,Groundwater,(WM) Well - Monitoring,FR-M-169D,(FRU) Front Range Urban GW,No Direct Use (WM),5/28/08,Hardness_CaCO3 - Hardness (CaCO3),Physical,100%,426,0,,mg/L,0,Final,
FRU08WM169S,Groundwater,(WM) Well - Monitoring,FR-M-169S,(FRU) Front Range Urban GW,No Direct Use (WM),5/28/08,Hardness_CaCO3 - Hardness (CaCO3),Physical,100%,475,0,,mg/L,0,Final,
FRU08WM170,Groundwater,(WM) Well - Monitoring,FR-M-170,(FRU) Front Range Urban GW,No Direct Use (WM),5/27/08,Hardness_CaCO3 - Hardness (CaCO3),Physical,100%,425,0,,mg/L,0,Final,
FRU08WM171,Groundwater,(WM) Well - Monitoring,FR-M-171,(FRU) Front Range Urban GW,No Direct Use (WM),5/29/08,Hardness_CaCO3 - Hardness (CaCO3),Physical,100%,623,0,,mg/L,0,Final,
FRU08WM172,Groundwater,(WM) Well - Monitoring,FR-M-172,(FRU) Front Range Urban GW,No Direct Use (WM),5/27/08,Hardness_CaCO3 - Hardness (CaCO3),Physical,100%,660,0,,mg/L,0,Final,
FRU08WM173D,Groundwater,(WM) Well - Monitoring,FR-M-173D,(FRU) Front Range Urban GW,No Direct Use (WM),5/28/08,Hardness_CaCO3 - Hardness (CaCO3),Physical,100%,630,0,,mg/L,0,Final,
FRU08WM173S,Groundwater,(WM) Well - Monitoring,FR-M-173S,(FRU) Front Range Urban GW,No Direct Use (WM),5/28/08,Hardness_CaCO3 - Hardness (CaCO3),Physical,100%,521,0,,mg/L,0,Final,
FRU08WM174,Groundwater,(WM) Well - Monitoring,FR-M-174,(FRU) Front Range Urban GW,No Direct Use (WM),5/28/08,Hardness_CaCO3 - Hardness (CaCO3),Physical,100%,396,0,,mg/L,0,Final,
FRU08WM175,Groundwater,(WM) Well - Monitoring,FR-M-175,(FRU) Front Range Urban GW,No Direct Use (WM),5/27/08,Hardness_CaCO3 - Hardness (CaCO3),Physical,100%,246,0,,mg/L,0,Final,
FRU06WP2,Groundwater,(WP) Well - Public Supply,PP-D-002,(FRU) Front Range Urban GW,Public Supply,9/25/06,Hardness_CaCO3 - Hardness (CaCO3),Physical,100%,69,0,,mg/L,0,Final,
LA06WD3,Groundwater,(WD) Well - Domestic,PP-D-003,(LA) Lower Arkansas GW,"Domestic, drinking",9/25/06,Hardness_CaCO3 - Hardness (CaCO3),Physical,100%,53,0,,mg/L,0,Final,
LA06WD4,Groundwater,(WD) Well - Domestic,PP-D-004,(LA) Lower Arkansas GW,"Domestic, drinking",9/26/06,Hardness_CaCO3 - Hardness (CaCO3),Physical,100%,119,0,,mg/L,0,Final,
LSP06WD5,Groundwater,(WD) Well - Domestic,PP-D-005,(LSP) Lower South Platte GW,"Domestic, drinking",9/26/06,Hardness_CaCO3 - Hardness (CaCO3),Physical,100%,65,0,,mg/L,0,Final,
LSP06WD6,Groundwater,(WD) Well - Domestic,PP-D-006,(LSP) Lower South Platte GW,"Domestic, drinking",9/26/06,Hardness_CaCO3 - Hardness (CaCO3),Physical,100%,53,0,,mg/L,0,Final,
LA06WD7,Groundwater,(WD) Well - Domestic,PP-D-007,(LA) Lower Arkansas GW,"Domestic, drinking",9/26/06,Hardness_CaCO3 - Hardness (CaCO3),Physical,100%,65,0,,mg/L,0,Final,
LA06WD8,Groundwater,(WD) Well - Domestic,PP-D-008,(LA) Lower Arkansas GW,"Domestic, drinking",9/26/06,Hardness_CaCO3 - Hardness (CaCO3),Physical,100%,190,0,,mg/L,0,Final,
LA06WD10,Groundwater,(WD) Well - Domestic,PP-D-010,(LA) Lower Arkansas GW,"Domestic, drinking",9/26/06,Hardness_CaCO3 - Hardness (CaCO3),Physical,100%,104,0,,mg/L,0,Final,
LA06WD11,Groundwater,(WD) Well - Domestic,PP-D-011,(LA) Lower Arkansas GW,"Domestic, drinking",9/26/06,Hardness_CaCO3 - Hardness (CaCO3),Physical,100%,123,0,,mg/L,0,Final,
LA06WD12,Groundwater,(WD) Well - Domestic,PP-D-012,(LA) Lower Arkansas GW,"Domestic, drinking",9/27/06,Hardness_CaCO3 - Hardness (CaCO3),Physical,100%,563,0,,mg/L,0,Final,
LA06WD13,Groundwater,(WD) Well - Domestic,PP-D-013,(LA) Lower Arkansas GW,"Domestic, drinking",9/27/06,Hardness_CaCO3 - Hardness (CaCO3),Physical,100%,153,0,,mg/L,0,Final,
LA06WP14,Groundwater,(WP) Well - Public Supply,PP-D-014,(LA) Lower Arkansas GW,Public Supply,9/27/06,Hardness_CaCO3 - Hardness (CaCO3),Physical,100%,72,0,,mg/L,0,Final,
LA06WP15,Groundwater,(WP) Well - Public Supply,PP-D-015,(LA) Lower Arkansas GW,Public Supply,9/27/06,Hardness_CaCO3 - Hardness (CaCO3),Physical,100%,97,0,,mg/L,0,Final,
LA06WD16,Groundwater,(WD) Well - Domestic,PP-D-016,(LA) Lower Arkansas GW,"Domestic, drinking",9/27/06,Hardness_CaCO3 - Hardness (CaCO3),Physical,100%,125,0,,mg/L,0,Final,
MTN06WD17,Groundwater,(WD) Well - Domestic,PP-D-017,(MTN) Mountainous Area GW,"Domestic, drinking",9/28/06,Hardness_CaCO3 - Hardness (CaCO3),Physical,100%,191,0,,mg/L,0,Final,
FRU06WD18,Groundwater,(WD) Well - Domestic,PP-D-018,(FRU) Front Range Urban GW,"Domestic, drinking",9/28/06,Hardness_CaCO3 - Hardness (CaCO3),Physical,100%,642,0,,mg/L,0,Final,
FRU06WD19,Groundwater,(WD) Well - Domestic,PP-D-019,(FRU) Front Range Urban GW,"Domestic, drinking",9/28/06,Hardness_CaCO3 - Hardness (CaCO3),Physical,100%,443,0,,mg/L,0,Final,
FRU06WP20,Groundwater,(WP) Well - Public Supply,PP-D-020,(FRU) Front Range Urban GW,Public Supply,9/28/06,Hardness_CaCO3 - Hardness (CaCO3),Physical,100%,406,0,,mg/L,0,Final,
LA06WD21,Groundwater,(WD) Well - Domestic,PP-D-021,(LA) Lower Arkansas GW,"Domestic, drinking",9/28/06,Hardness_CaCO3 - Hardness (CaCO3),Physical,100%,398,0,,mg/L,0,Final,
LA06WD22,Groundwater,(WD) Well - Domestic,PP-D-022,(LA) Lower Arkansas GW,"Domestic, drinking",9/28/06,Hardness_CaCO3 - Hardness (CaCO3),Physical,100%,125,0,,mg/L,0,Final,
FRU06WD23,Groundwater,(WD) Well - Domestic,PP-D-023,(FRU) Front Range Urban GW,"Domestic, drinking",9/28/06,Hardness_CaCO3 - Hardness (CaCO3),Physical,100%,82,0,,mg/L,0,Final,
FRU06WD24,Groundwater,(WD) Well - Domestic,PP-D-024,(FRU) Front Range Urban GW,"Domestic, drinking",9/29/06,Hardness_CaCO3 - Hardness (CaCO3),Physical,100%,87,0,,mg/L,0,Final,
FRU06WD25,Groundwater,(WD) Well - Domestic,PP-D-025,(FRU) Front Range Urban GW,"Domestic, non-drinking",9/29/06,Hardness_CaCO3 - Hardness (CaCO3),Physical,100%,671,0,,mg/L,0,Final,
LA06WD26,Groundwater,(WD) Well - Domestic,PP-D-026,(LA) Lower Arkansas GW,"Domestic, drinking",11/7/06,Hardness_CaCO3 - Hardness (CaCO3),Physical,100%,7,0,,mg/L,0,Final,
LA06WD27,Groundwater,(WD) Well - Domestic,PP-D-027,(LA) Lower Arkansas GW,Commercial,11/7/06,Hardness_CaCO3 - Hardness (CaCO3),Physical,100%,103,0,,mg/L,0,Final,
LA06WD28,Groundwater,(WD) Well - Domestic,PP-D-028,(LA) Lower Arkansas GW,"Domestic, drinking",11/7/06,Hardness_CaCO3 - Hardness (CaCO3),Physical,100%,56,0,,mg/L,0,Final,
LA06WD29,Groundwater,(WD) Well - Domestic,PP-D-029,(LA) Lower Arkansas GW,"Domestic, drinking",11/8/06,Hardness_CaCO3 - Hardness (CaCO3),Physical,100%,22,0,,mg/L,0,Final,
FRU06WC30,Groundwater,(WC) Well - Commercial,PP-D-030,(FRU) Front Range Urban GW,Commercial,11/8/06,Hardness_CaCO3 - Hardness (CaCO3),Physical,100%,259,0,,mg/L,0,Final,
FRU06WD31,Groundwater,(WD) Well - Domestic,PP-D-031,(FRU) Front Range Urban GW,"Domestic, drinking",11/8/06,Hardness_CaCO3 - Hardness (CaCO3),Physical,100%,207,0,,mg/L,0,Final,
FRU06WR32,Groundwater,(WR) Well - Recreation,PP-D-032,(FRU) Front Range Urban GW,Recreation,11/8/06,Hardness_CaCO3 - Hardness (CaCO3),Physical,100%,320,0,,mg/L,0,Final,
LA06WD33,Groundwater,(WD) Well - Domestic,PP-D-033,(LA) Lower Arkansas GW,"Domestic, non-drinking",11/8/06,Hardness_CaCO3 - Hardness (CaCO3),Physical,100%,1046,0,,mg/L,0,Final,
LA06WD34,Groundwater,(WD) Well - Domestic,PP-D-034,(LA) Lower Arkansas GW,"Domestic, drinking",11/9/06,Hardness_CaCO3 - Hardness (CaCO3),Physical,100%,82,0,,mg/L,0,Final,
LA06WD35,Groundwater,(WD) Well - Domestic,PP-D-035,(LA) Lower Arkansas GW,"Domestic, drinking",11/9/06,Hardness_CaCO3 - Hardness (CaCO3),Physical,100%,37,0,,mg/L,0,Final,
LA06WD36,Groundwater,(WD) Well - Domestic,PP-D-036,(LA) Lower Arkansas GW,"Domestic, non-drinking",11/9/06,Hardness_CaCO3 - Hardness (CaCO3),Physical,100%,139,0,,mg/L,0,Final,
LA06WD37,Groundwater,(WD) Well - Domestic,PP-D-037,(LA) Lower Arkansas GW,"Domestic, drinking",11/9/06,Hardness_CaCO3 - Hardness (CaCO3),Physical,100%,113,0,,mg/L,0,Final,
LA06WD38,Groundwater,(WD) Well - Domestic,PP-D-038,(LA) Lower Arkansas GW,"Domestic, drinking",11/30/06,Hardness_CaCO3 - Hardness (CaCO3),Physical,100%,68,0,,mg/L,0,Final,
LA06WD39,Groundwater,(WD) Well - Domestic,PP-D-039,(LA) Lower Arkansas GW,"Domestic, drinking",11/30/06,Hardness_CaCO3 - Hardness (CaCO3),Physical,100%,134,0,,mg/L,0,Final,
LA06WD40,Groundwater,(WD) Well - Domestic,PP-D-040,(LA) Lower Arkansas GW,"Domestic, drinking",11/30/06,Hardness_CaCO3 - Hardness (CaCO3),Physical,100%,104,0,,mg/L,0,Final,
LA06WD41,Groundwater,(WD) Well - Domestic,PP-D-041,(LA) Lower Arkansas GW,"Domestic, drinking",11/30/06,Hardness_CaCO3 - Hardness (CaCO3),Physical,100%,74,0,,mg/L,0,Final,
LA06WL42,Groundwater,(WL) Well - Livestock,PP-D-042,(LA) Lower Arkansas GW,Livestock,12/1/06,Hardness_CaCO3 - Hardness (CaCO3),Physical,100%,78,0,,mg/L,0,Final,
LA06WL43,Groundwater,(WL) Well - Livestock,PP-D-043,(LA) Lower Arkansas GW,Livestock,12/1/06,Hardness_CaCO3 - Hardness (CaCO3),Physical,100%,275,0,,mg/L,0,Final,
LA06WL44,Groundwater,(WL) Well - Livestock,PP-D-044,(LA) Lower Arkansas GW,Livestock,12/1/06,Hardness_CaCO3 - Hardness (CaCO3),Physical,100%,168,0,,mg/L,0,Final,
FRU06WD45,Groundwater,(WD) Well - Domestic,PP-D-045,(FRU) Front Range Urban GW,"Domestic, drinking",12/1/06,Hardness_CaCO3 - Hardness (CaCO3),Physical,100%,457,0,,mg/L,0,Final,
LA06WD46,Groundwater,(WD) Well - Domestic,PP-D-046,(LA) Lower Arkansas GW,Livestock,12/4/06,Hardness_CaCO3 - Hardness (CaCO3),Physical,100%,101,0,,mg/L,0,Final,
LA06WD47,Groundwater,(WD) Well - Domestic,PP-D-047,(LA) Lower Arkansas GW,"Domestic, non-drinking",12/4/06,Hardness_CaCO3 - Hardness (CaCO3),Physical,100%,409,0,,mg/L,0,Final,
LA06WD48,Groundwater,(WD) Well - Domestic,PP-D-048,(LA) Lower Arkansas GW,Livestock,12/4/06,Hardness_CaCO3 - Hardness (CaCO3),Physical,100%,989,0,,mg/L,0,Final,
LA06WD49,Groundwater,(WD) Well - Domestic,PP-D-049,(LA) Lower Arkansas GW,Commercial,12/7/06,Hardness_CaCO3 - Hardness (CaCO3),Physical,100%,10,0,,mg/L,0,Final,
LA06CI9,Groundwater,(CI) Well - Crop Irrigation,PP-I-009,(LA) Lower Arkansas GW,"Irrigation, Crop",9/26/06,Hardness_CaCO3 - Hardness (CaCO3),Physical,100%,345,0,,mg/L,0,Final,
FRU08WM174,Groundwater,(WM) Well - Monitoring,FR-M-174,(FRU) Front Range Urban GW,No Direct Use (WM),7/1/24,SWL - Static Water Level,Physical,100%,30.15,0,,ft,0,Final,
FRU08WM171,Groundwater,(WM) Well - Monitoring,FR-M-171,(FRU) Front Range Urban GW,No Direct Use (WM),7/1/24,SWL - Static Water Level,Physical,100%,40.25,0,,ft,0,Final,
FRU08WM175,Groundwater,(WM) Well - Monitoring,FR-M-175,(FRU) Front Range Urban GW,No Direct Use (WM),7/1/24,SWL - Static Water Level,Physical,100%,17.75,0,,ft,0,Final,
FRU08WM169S,Groundwater,(WM) Well - Monitoring,FR-M-169S,(FRU) Front Range Urban GW,No Direct Use (WM),7/1/24,SWL - Static Water Level,Physical,100%,6.45,0,,ft,0,Final,
FRU08WM169D,Groundwater,(WM) Well - Monitoring,FR-M-169D,(FRU) Front Range Urban GW,No Direct Use (WM),7/1/24,SWL - Static Water Level,Physical,100%,5.91,0,,ft,0,Final,
FRU08WM172,Groundwater,(WM) Well - Monitoring,FR-M-172,(FRU) Front Range Urban GW,No Direct Use (WM),7/1/24,SWL - Static Water Level,Physical,100%,19.74,0,,ft,0,Final,
FRU08WM167,Groundwater,(WM) Well - Monitoring,FR-M-167,(FRU) Front Range Urban GW,No Direct Use (WM),7/2/24,SWL - Static Water Level,Physical,100%,31.33,0,,ft,0,Final,
FRU08WM167,Groundwater,(WM) Well - Monitoring,FR-M-167,(FRU) Front Range Urban GW,No Direct Use (WM),6/12/13,Sal - Salinity (Field),Physical,100%,1.48,0,,ppth,0,Final,
FRU08WM168,Groundwater,(WM) Well - Monitoring,FR-M-168,(FRU) Front Range Urban GW,No Direct Use (WM),6/10/13,Sal - Salinity (Field),Physical,100%,3.71,0,,ppth,0,Final,
FRU08WM169D,Groundwater,(WM) Well - Monitoring,FR-M-169D,(FRU) Front Range Urban GW,No Direct Use (WM),6/10/13,Sal - Salinity (Field),Physical,100%,0.72,0,,ppth,0,Final,
FRU08WM169S,Groundwater,(WM) Well - Monitoring,FR-M-169S,(FRU) Front Range Urban GW,No Direct Use (WM),6/10/13,Sal - Salinity (Field),Physical,100%,0.72,0,,ppth,0,Final,
FRU08WM170,Groundwater,(WM) Well - Monitoring,FR-M-170,(FRU) Front Range Urban GW,No Direct Use (WM),6/11/13,Sal - Salinity (Field),Physical,100%,0.54,0,,ppth,0,Final,
FRU08WM171,Groundwater,(WM) Well - Monitoring,FR-M-171,(FRU) Front Range Urban GW,No Direct Use (WM),6/12/13,Sal - Salinity (Field),Physical,100%,1.11,0,,ppth,0,Final,
FRU08WM172,Groundwater,(WM) Well - Monitoring,FR-M-172,(FRU) Front Range Urban GW,No Direct Use (WM),6/12/13,Sal - Salinity (Field),Physical,100%,1.38,0,,ppth,0,Final,
FRU08WM173D,Groundwater,(WM) Well - Monitoring,FR-M-173D,(FRU) Front Range Urban GW,No Direct Use (WM),6/11/13,Sal - Salinity (Field),Physical,100%,1.06,0,,ppth,0,Final,
FRU08WM173S,Groundwater,(WM) Well - Monitoring,FR-M-173S,(FRU) Front Range Urban GW,No Direct Use (WM),6/11/13,Sal - Salinity (Field),Physical,100%,0.44,0,,ppth,0,Final,
FRU08WM174,Groundwater,(WM) Well - Monitoring,FR-M-174,(FRU) Front Range Urban GW,No Direct Use (WM),6/10/13,Sal - Salinity (Field),Physical,100%,0.48,0,,ppth,0,Final,
FRU08WM175,Groundwater,(WM) Well - Monitoring,FR-M-175,(FRU) Front Range Urban GW,No Direct Use (WM),6/10/13,Sal - Salinity (Field),Physical,100%,0.41,0,,ppth,0,Final,
FRU08WM174,Groundwater,(WM) Well - Monitoring,FR-M-174,(FRU) Front Range Urban GW,No Direct Use (WM),7/1/24,Sal - Salinity (Field),Physical,100%,0.77,0,,ppth,0,Final,
FRU08WM171,Groundwater,(WM) Well - Monitoring,FR-M-171,(FRU) Front Range Urban GW,No Direct Use (WM),7/1/24,Sal - Salinity (Field),Physical,100%,1.45,0,,ppth,0,Final,
FRU08WM175,Groundwater,(WM) Well - Monitoring,FR-M-175,(FRU) Front Range Urban GW,No Direct Use (WM),7/1/24,Sal - Salinity (Field),Physical,100%,0.43,0,,ppth,0,Final,
FRU08WM169S,Groundwater,(WM) Well - Monitoring,FR-M-169S,(FRU) Front Range Urban GW,No Direct Use (WM),7/1/24,Sal - Salinity (Field),Physical,100%,0.93,0,,ppth,0,Final,
FRU08WM169D,Groundwater,(WM) Well - Monitoring,FR-M-169D,(FRU) Front Range Urban GW,No Direct Use (WM),7/1/24,Sal - Salinity (Field),Physical,100%,0.76,0,,ppth,0,Final,
FRU08WM172,Groundwater,(WM) Well - Monitoring,FR-M-172,(FRU) Front Range Urban GW,No Direct Use (WM),7/1/24,Sal - Salinity (Field),Physical,100%,2.33,0,,ppth,0,Final,
FRU08WM167,Groundwater,(WM) Well - Monitoring,FR-M-167,(FRU) Front Range Urban GW,No Direct Use (WM),7/2/24,Sal - Salinity (Field),Physical,100%,1.54,0,,ppth,0,Final,
FRU08WM167,Groundwater,(WM) Well - Monitoring,FR-M-167,(FRU) Front Range Urban GW,No Direct Use (WM),6/12/13,TDS (Field) - Total Dissolved Solids (Field),Physical,100%,1909,0,,mg/L,0,Final,
FRU08WM167,Groundwater,(WM) Well - Monitoring,FR-M-167,(FRU) Front Range Urban GW,No Direct Use (WM),7/28/10,TDS (Field) - Total Dissolved Solids (Field),Physical,100%,1370,0,,mg/L,0,Final,
FRU08WM167,Groundwater,(WM) Well - Monitoring,FR-M-167,(FRU) Front Range Urban GW,No Direct Use (WM),5/29/08,TDS (Field) - Total Dissolved Solids (Field),Physical,100%,1757,0,,mg/L,0,Final,
FRU08WM168,Groundwater,(WM) Well - Monitoring,FR-M-168,(FRU) Front Range Urban GW,No Direct Use (WM),6/10/13,TDS (Field) - Total Dissolved Solids (Field),Physical,100%,4554,0,,mg/L,0,Final,
FRU08WM168,Groundwater,(WM) Well - Monitoring,FR-M-168,(FRU) Front Range Urban GW,No Direct Use (WM),7/29/10,TDS (Field) - Total Dissolved Solids (Field),Physical,100%,3810,0,,mg/L,0,Final,
FRU08WM168,Groundwater,(WM) Well - Monitoring,FR-M-168,(FRU) Front Range Urban GW,No Direct Use (WM),5/29/08,TDS (Field) - Total Dissolved Solids (Field),Physical,100%,4042,0,,mg/L,0,Final,
FRU08WM169D,Groundwater,(WM) Well - Monitoring,FR-M-169D,(FRU) Front Range Urban GW,No Direct Use (WM),6/10/13,TDS (Field) - Total Dissolved Solids (Field),Physical,100%,963,0,,mg/L,0,Final,
FRU08WM169D,Groundwater,(WM) Well - Monitoring,FR-M-169D,(FRU) Front Range Urban GW,No Direct Use (WM),7/27/10,TDS (Field) - Total Dissolved Solids (Field),Physical,100%,920,0,,mg/L,0,Final,
FRU08WM169D,Groundwater,(WM) Well - Monitoring,FR-M-169D,(FRU) Front Range Urban GW,No Direct Use (WM),5/28/08,TDS (Field) - Total Dissolved Solids (Field),Physical,100%,959,0,,mg/L,0,Final,
FRU08WM169S,Groundwater,(WM) Well - Monitoring,FR-M-169S,(FRU) Front Range Urban GW,No Direct Use (WM),6/10/13,TDS (Field) - Total Dissolved Solids (Field),Physical,100%,963,0,,mg/L,0,Final,
FRU08WM169S,Groundwater,(WM) Well - Monitoring,FR-M-169S,(FRU) Front Range Urban GW,No Direct Use (WM),7/27/10,TDS (Field) - Total Dissolved Solids (Field),Physical,100%,1010,0,,mg/L,0,Final,
FRU08WM169S,Groundwater,(WM) Well - Monitoring,FR-M-169S,(FRU) Front Range Urban GW,No Direct Use (WM),5/28/08,TDS (Field) - Total Dissolved Solids (Field),Physical,100%,1034,0,,mg/L,0,Final,
FRU08WM170,Groundwater,(WM) Well - Monitoring,FR-M-170,(FRU) Front Range Urban GW,No Direct Use (WM),6/11/13,TDS (Field) - Total Dissolved Solids (Field),Physical,100%,730,0,,mg/L,0,Final,
FRU08WM170,Groundwater,(WM) Well - Monitoring,FR-M-170,(FRU) Front Range Urban GW,No Direct Use (WM),7/28/10,TDS (Field) - Total Dissolved Solids (Field),Physical,100%,690,0,,mg/L,0,Final,
FRU08WM170,Groundwater,(WM) Well - Monitoring,FR-M-170,(FRU) Front Range Urban GW,No Direct Use (WM),5/27/08,TDS (Field) - Total Dissolved Solids (Field),Physical,100%,669,0,,mg/L,0,Final,
FRU08WM171,Groundwater,(WM) Well - Monitoring,FR-M-171,(FRU) Front Range Urban GW,No Direct Use (WM),6/12/13,TDS (Field) - Total Dissolved Solids (Field),Physical,100%,1446,0,,mg/L,0,Final,
FRU08WM171,Groundwater,(WM) Well - Monitoring,FR-M-171,(FRU) Front Range Urban GW,No Direct Use (WM),7/29/10,TDS (Field) - Total Dissolved Solids (Field),Physical,100%,1200,0,,mg/L,0,Final,
FRU08WM171,Groundwater,(WM) Well - Monitoring,FR-M-171,(FRU) Front Range Urban GW,No Direct Use (WM),5/29/08,TDS (Field) - Total Dissolved Solids (Field),Physical,100%,1607,0,,mg/L,0,Final,
FRU08WM172,Groundwater,(WM) Well - Monitoring,FR-M-172,(FRU) Front Range Urban GW,No Direct Use (WM),6/12/13,TDS (Field) - Total Dissolved Solids (Field),Physical,100%,1776,0,,mg/L,0,Final,
FRU08WM172,Groundwater,(WM) Well - Monitoring,FR-M-172,(FRU) Front Range Urban GW,No Direct Use (WM),7/27/10,TDS (Field) - Total Dissolved Solids (Field),Physical,100%,2220,0,,mg/L,0,Final,
FRU08WM172,Groundwater,(WM) Well - Monitoring,FR-M-172,(FRU) Front Range Urban GW,No Direct Use (WM),5/27/08,TDS (Field) - Total Dissolved Solids (Field),Physical,100%,2246,0,,mg/L,0,Final,
FRU08WM173D,Groundwater,(WM) Well - Monitoring,FR-M-173D,(FRU) Front Range Urban GW,No Direct Use (WM),6/11/13,TDS (Field) - Total Dissolved Solids (Field),Physical,100%,1387,0,,mg/L,0,Final,
FRU08WM173D,Groundwater,(WM) Well - Monitoring,FR-M-173D,(FRU) Front Range Urban GW,No Direct Use (WM),7/28/10,TDS (Field) - Total Dissolved Solids (Field),Physical,100%,1510,0,,mg/L,0,Final,
FRU08WM173D,Groundwater,(WM) Well - Monitoring,FR-M-173D,(FRU) Front Range Urban GW,No Direct Use (WM),5/28/08,TDS (Field) - Total Dissolved Solids (Field),Physical,100%,1362,0,,mg/L,0,Final,
FRU08WM173S,Groundwater,(WM) Well - Monitoring,FR-M-173S,(FRU) Front Range Urban GW,No Direct Use (WM),6/11/13,TDS (Field) - Total Dissolved Solids (Field),Physical,100%,599,0,,mg/L,0,Final,
FRU08WM173S,Groundwater,(WM) Well - Monitoring,FR-M-173S,(FRU) Front Range Urban GW,No Direct Use (WM),7/28/10,TDS (Field) - Total Dissolved Solids (Field),Physical,100%,710,0,,mg/L,0,Final,
FRU08WM173S,Groundwater,(WM) Well - Monitoring,FR-M-173S,(FRU) Front Range Urban GW,No Direct Use (WM),5/28/08,TDS (Field) - Total Dissolved Solids (Field),Physical,100%,851,0,,mg/L,0,Final,
FRU08WM174,Groundwater,(WM) Well - Monitoring,FR-M-174,(FRU) Front Range Urban GW,No Direct Use (WM),6/10/13,TDS (Field) - Total Dissolved Solids (Field),Physical,100%,648,0,,mg/L,0,Final,
FRU08WM174,Groundwater,(WM) Well - Monitoring,FR-M-174,(FRU) Front Range Urban GW,No Direct Use (WM),7/29/10,TDS (Field) - Total Dissolved Solids (Field),Physical,100%,720,0,,mg/L,0,Final,
FRU08WM174,Groundwater,(WM) Well - Monitoring,FR-M-174,(FRU) Front Range Urban GW,No Direct Use (WM),5/28/08,TDS (Field) - Total Dissolved Solids (Field),Physical,100%,764,0,,mg/L,0,Final,
FRU08WM175,Groundwater,(WM) Well - Monitoring,FR-M-175,(FRU) Front Range Urban GW,No Direct Use (WM),6/10/13,TDS (Field) - Total Dissolved Solids (Field),Physical,100%,552,0,,mg/L,0,Final,
FRU08WM175,Groundwater,(WM) Well - Monitoring,FR-M-175,(FRU) Front Range Urban GW,No Direct Use (WM),7/28/10,TDS (Field) - Total Dissolved Solids (Field),Physical,100%,550,0,,mg/L,0,Final,
FRU08WM175,Groundwater,(WM) Well - Monitoring,FR-M-175,(FRU) Front Range Urban GW,No Direct Use (WM),5/27/08,TDS (Field) - Total Dissolved Solids (Field),Physical,100%,562,0,,mg/L,0,Final,
FRU08WM174,Groundwater,(WM) Well - Monitoring,FR-M-174,(FRU) Front Range Urban GW,No Direct Use (WM),7/1/24,TDS (Field) - Total Dissolved Solids (Field),Physical,100%,0.992,0,,mg/L,0,Final,
FRU08WM171,Groundwater,(WM) Well - Monitoring,FR-M-171,(FRU) Front Range Urban GW,No Direct Use (WM),7/1/24,TDS (Field) - Total Dissolved Solids (Field),Physical,100%,1.818,0,,mg/L,0,Final,
FRU08WM175,Groundwater,(WM) Well - Monitoring,FR-M-175,(FRU) Front Range Urban GW,No Direct Use (WM),7/1/24,TDS (Field) - Total Dissolved Solids (Field),Physical,100%,0.567,0,,mg/L,0,Final,
FRU08WM169S,Groundwater,(WM) Well - Monitoring,FR-M-169S,(FRU) Front Range Urban GW,No Direct Use (WM),7/1/24,TDS (Field) - Total Dissolved Solids (Field),Physical,100%,1.189,0,,mg/L,0,Final,
FRU08WM169D,Groundwater,(WM) Well - Monitoring,FR-M-169D,(FRU) Front Range Urban GW,No Direct Use (WM),7/1/24,TDS (Field) - Total Dissolved Solids (Field),Physical,100%,0.97,0,,mg/L,0,Final,
FRU08WM172,Groundwater,(WM) Well - Monitoring,FR-M-172,(FRU) Front Range Urban GW,No Direct Use (WM),7/1/24,TDS (Field) - Total Dissolved Solids (Field),Physical,100%,2.823,0,,mg/L,0,Final,
FRU08WM167,Groundwater,(WM) Well - Monitoring,FR-M-167,(FRU) Front Range Urban GW,No Direct Use (WM),7/2/24,TDS (Field) - Total Dissolved Solids (Field),Physical,100%,1.909,0,,mg/L,0,Final,
FRU08WM167,Groundwater,(WM) Well - Monitoring,FR-M-167,(FRU) Front Range Urban GW,No Direct Use (WM),5/29/08,TDS (Lab) - Total Dissolved Solids (Lab),Physical,100%,1807,0,,mg/L,0,Final,
FRU08WM168,Groundwater,(WM) Well - Monitoring,FR-M-168,(FRU) Front Range Urban GW,No Direct Use (WM),5/29/08,TDS (Lab) - Total Dissolved Solids (Lab),Physical,100%,3185,0,,mg/L,0,Final,
FRU08WM169D,Groundwater,(WM) Well - Monitoring,FR-M-169D,(FRU) Front Range Urban GW,No Direct Use (WM),5/28/08,TDS (Lab) - Total Dissolved Solids (Lab),Physical,100%,893,0,,mg/L,0,Final,
FRU08WM169S,Groundwater,(WM) Well - Monitoring,FR-M-169S,(FRU) Front Range Urban GW,No Direct Use (WM),5/28/08,TDS (Lab) - Total Dissolved Solids (Lab),Physical,100%,946,0,,mg/L,0,Final,
FRU08WM170,Groundwater,(WM) Well - Monitoring,FR-M-170,(FRU) Front Range Urban GW,No Direct Use (WM),5/27/08,TDS (Lab) - Total Dissolved Solids (Lab),Physical,100%,752,0,,mg/L,0,Final,
FRU08WM171,Groundwater,(WM) Well - Monitoring,FR-M-171,(FRU) Front Range Urban GW,No Direct Use (WM),5/29/08,TDS (Lab) - Total Dissolved Solids (Lab),Physical,100%,1338,0,,mg/L,0,Final,
FRU08WM172,Groundwater,(WM) Well - Monitoring,FR-M-172,(FRU) Front Range Urban GW,No Direct Use (WM),5/27/08,TDS (Lab) - Total Dissolved Solids (Lab),Physical,100%,1838,0,,mg/L,0,Final,
FRU08WM173D,Groundwater,(WM) Well - Monitoring,FR-M-173D,(FRU) Front Range Urban GW,No Direct Use (WM),5/28/08,TDS (Lab) - Total Dissolved Solids (Lab),Physical,100%,1568,0,,mg/L,0,Final,
FRU08WM173S,Groundwater,(WM) Well - Monitoring,FR-M-173S,(FRU) Front Range Urban GW,No Direct Use (WM),5/28/08,TDS (Lab) - Total Dissolved Solids (Lab),Physical,100%,1042,0,,mg/L,0,Final,
FRU08WM174,Groundwater,(WM) Well - Monitoring,FR-M-174,(FRU) Front Range Urban GW,No Direct Use (WM),5/28/08,TDS (Lab) - Total Dissolved Solids (Lab),Physical,100%,719,0,,mg/L,0,Final,
FRU08WM175,Groundwater,(WM) Well - Monitoring,FR-M-175,(FRU) Front Range Urban GW,No Direct Use (WM),5/27/08,TDS (Lab) - Total Dissolved Solids (Lab),Physical,100%,455,0,,mg/L,0,Final,
FRU08WM167,Groundwater,(WM) Well - Monitoring,FR-M-167,(FRU) Front Range Urban GW,No Direct Use (WM),6/28/16,Turb - Turbidity,Physical,100%,3,0,,FNU,0,Final,
FRU08WM168,Groundwater,(WM) Well - Monitoring,FR-M-168,(FRU) Front Range Urban GW,No Direct Use (WM),6/28/16,Turb - Turbidity,Physical,100%,1,0,,FNU,0,Final,
FRU08WM169D,Groundwater,(WM) Well - Monitoring,FR-M-169D,(FRU) Front Range Urban GW,No Direct Use (WM),6/23/16,Turb - Turbidity,Physical,100%,181,0,,FNU,0,Final,
FRU08WM169S,Groundwater,(WM) Well - Monitoring,FR-M-169S,(FRU) Front Range Urban GW,No Direct Use (WM),6/23/16,Turb - Turbidity,Physical,100%,4,0,,FNU,0,Final,
FRU08WM171,Groundwater,(WM) Well - Monitoring,FR-M-171,(FRU) Front Range Urban GW,No Direct Use (WM),6/22/16,Turb - Turbidity,Physical,100%,1,0,,FNU,0,Final,
FRU08WM173D,Groundwater,(WM) Well - Monitoring,FR-M-173D,(FRU) Front Range Urban GW,No Direct Use (WM),6/23/16,Turb - Turbidity,Physical,100%,1,0,,FNU,0,Final,
FRU08WM173S,Groundwater,(WM) Well - Monitoring,FR-M-173S,(FRU) Front Range Urban GW,No Direct Use (WM),6/23/16,Turb - Turbidity,Physical,100%,8,0,,FNU,0,Final,
FRU08WM174,Groundwater,(WM) Well - Monitoring,FR-M-174,(FRU) Front Range Urban GW,No Direct Use (WM),6/22/16,Turb - Turbidity,Physical,100%,2,0,,FNU,0,Final,
FRU08WM175,Groundwater,(WM) Well - Monitoring,FR-M-175,(FRU) Front Range Urban GW,No Direct Use (WM),6/22/16,Turb - Turbidity,Physical,100%,2,0,,FNU,0,Final,
FRU08WM174,Groundwater,(WM) Well - Monitoring,FR-M-174,(FRU) Front Range Urban GW,No Direct Use (WM),7/1/24,Turb - Turbidity,Physical,100%,2.72,0,,FNU,0,Final,
FRU08WM171,Groundwater,(WM) Well - Monitoring,FR-M-171,(FRU) Front Range Urban GW,No Direct Use (WM),7/1/24,Turb - Turbidity,Physical,100%,3.63,0,,FNU,0,Final,
FRU08WM175,Groundwater,(WM) Well - Monitoring,FR-M-175,(FRU) Front Range Urban GW,No Direct Use (WM),7/1/24,Turb - Turbidity,Physical,100%,1.71,0,,FNU,0,Final,
FRU08WM169S,Groundwater,(WM) Well - Monitoring,FR-M-169S,(FRU) Front Range Urban GW,No Direct Use (WM),7/1/24,Turb - Turbidity,Physical,100%,9.12,0,,FNU,0,Final,
FRU08WM169D,Groundwater,(WM) Well - Monitoring,FR-M-169D,(FRU) Front Range Urban GW,No Direct Use (WM),7/1/24,Turb - Turbidity,Physical,100%,24.85,0,,FNU,0,Final,
FRU08WM172,Groundwater,(WM) Well - Monitoring,FR-M-172,(FRU) Front Range Urban GW,No Direct Use (WM),7/1/24,Turb - Turbidity,Physical,100%,0.31,0,,FNU,0,Final,
FRU08WM167,Groundwater,(WM) Well - Monitoring,FR-M-167,(FRU) Front Range Urban GW,No Direct Use (WM),7/2/24,Turb - Turbidity,Physical,100%,0.9,0,,FNU,0,Final,
FRU08WM167,Groundwater,(WM) Well - Monitoring,FR-M-167,(FRU) Front Range Urban GW,No Direct Use (WM),6/28/16,WaterT - Water Temperature,Physical,100%,21.5,0,,deg C,0,Final,
FRU08WM167,Groundwater,(WM) Well - Monitoring,FR-M-167,(FRU) Front Range Urban GW,No Direct Use (WM),6/12/13,WaterT - Water Temperature,Physical,100%,21.3,0,,deg C,0,Final,
FRU08WM167,Groundwater,(WM) Well - Monitoring,FR-M-167,(FRU) Front Range Urban GW,No Direct Use (WM),7/28/10,WaterT - Water Temperature,Physical,100%,14.1,0,,deg C,0,Final,
FRU08WM167,Groundwater,(WM) Well - Monitoring,FR-M-167,(FRU) Front Range Urban GW,No Direct Use (WM),5/29/08,WaterT - Water Temperature,Physical,100%,18.6,0,,deg C,0,Final,
FRU08WM168,Groundwater,(WM) Well - Monitoring,FR-M-168,(FRU) Front Range Urban GW,No Direct Use (WM),6/28/16,WaterT - Water Temperature,Physical,100%,20.3,0,,deg C,0,Final,
FRU08WM168,Groundwater,(WM) Well - Monitoring,FR-M-168,(FRU) Front Range Urban GW,No Direct Use (WM),6/10/13,WaterT - Water Temperature,Physical,100%,26.7,0,,deg C,0,Final,
FRU08WM168,Groundwater,(WM) Well - Monitoring,FR-M-168,(FRU) Front Range Urban GW,No Direct Use (WM),7/29/10,WaterT - Water Temperature,Physical,100%,14,0,,deg C,0,Final,
FRU08WM168,Groundwater,(WM) Well - Monitoring,FR-M-168,(FRU) Front Range Urban GW,No Direct Use (WM),5/29/08,WaterT - Water Temperature,Physical,100%,12.1,0,,deg C,0,Final,
FRU08WM169D,Groundwater,(WM) Well - Monitoring,FR-M-169D,(FRU) Front Range Urban GW,No Direct Use (WM),6/23/16,WaterT - Water Temperature,Physical,100%,11.9,0,,deg C,0,Final,
FRU08WM169D,Groundwater,(WM) Well - Monitoring,FR-M-169D,(FRU) Front Range Urban GW,No Direct Use (WM),6/10/13,WaterT - Water Temperature,Physical,100%,18.4,0,,deg C,0,Final,
FRU08WM169D,Groundwater,(WM) Well - Monitoring,FR-M-169D,(FRU) Front Range Urban GW,No Direct Use (WM),7/27/10,WaterT - Water Temperature,Physical,100%,10.5,0,,deg C,0,Final,
FRU08WM169D,Groundwater,(WM) Well - Monitoring,FR-M-169D,(FRU) Front Range Urban GW,No Direct Use (WM),5/28/08,WaterT - Water Temperature,Physical,100%,10.6,0,,deg C,0,Final,
FRU08WM169S,Groundwater,(WM) Well - Monitoring,FR-M-169S,(FRU) Front Range Urban GW,No Direct Use (WM),6/23/16,WaterT - Water Temperature,Physical,100%,12.3,0,,deg C,0,Final,
FRU08WM169S,Groundwater,(WM) Well - Monitoring,FR-M-169S,(FRU) Front Range Urban GW,No Direct Use (WM),6/10/13,WaterT - Water Temperature,Physical,100%,18.5,0,,deg C,0,Final,
FRU08WM169S,Groundwater,(WM) Well - Monitoring,FR-M-169S,(FRU) Front Range Urban GW,No Direct Use (WM),7/27/10,WaterT - Water Temperature,Physical,100%,11.5,0,,deg C,0,Final,
FRU08WM169S,Groundwater,(WM) Well - Monitoring,FR-M-169S,(FRU) Front Range Urban GW,No Direct Use (WM),5/28/08,WaterT - Water Temperature,Physical,100%,10,0,,deg C,0,Final,
FRU08WM170,Groundwater,(WM) Well - Monitoring,FR-M-170,(FRU) Front Range Urban GW,No Direct Use (WM),6/11/13,WaterT - Water Temperature,Physical,100%,19.6,0,,deg C,0,Final,
FRU08WM170,Groundwater,(WM) Well - Monitoring,FR-M-170,(FRU) Front Range Urban GW,No Direct Use (WM),7/28/10,WaterT - Water Temperature,Physical,100%,14.3,0,,deg C,0,Final,
FRU08WM170,Groundwater,(WM) Well - Monitoring,FR-M-170,(FRU) Front Range Urban GW,No Direct Use (WM),5/27/08,WaterT - Water Temperature,Physical,100%,16,0,,deg C,0,Final,
FRU08WM171,Groundwater,(WM) Well - Monitoring,FR-M-171,(FRU) Front Range Urban GW,No Direct Use (WM),6/22/16,WaterT - Water Temperature,Physical,100%,19.7,0,,deg C,0,Final,
FRU08WM171,Groundwater,(WM) Well - Monitoring,FR-M-171,(FRU) Front Range Urban GW,No Direct Use (WM),6/12/13,WaterT - Water Temperature,Physical,100%,19.3,0,,deg C,0,Final,
FRU08WM171,Groundwater,(WM) Well - Monitoring,FR-M-171,(FRU) Front Range Urban GW,No Direct Use (WM),7/29/10,WaterT - Water Temperature,Physical,100%,14.4,0,,deg C,0,Final,
FRU08WM171,Groundwater,(WM) Well - Monitoring,FR-M-171,(FRU) Front Range Urban GW,No Direct Use (WM),5/29/08,WaterT - Water Temperature,Physical,100%,18.5,0,,deg C,0,Final,
FRU08WM172,Groundwater,(WM) Well - Monitoring,FR-M-172,(FRU) Front Range Urban GW,No Direct Use (WM),6/12/13,WaterT - Water Temperature,Physical,100%,16,0,,deg C,0,Final,
FRU08WM172,Groundwater,(WM) Well - Monitoring,FR-M-172,(FRU) Front Range Urban GW,No Direct Use (WM),7/27/10,WaterT - Water Temperature,Physical,100%,12.8,0,,deg C,0,Final,
FRU08WM172,Groundwater,(WM) Well - Monitoring,FR-M-172,(FRU) Front Range Urban GW,No Direct Use (WM),5/27/08,WaterT - Water Temperature,Physical,100%,16.6,0,,deg C,0,Final,
FRU08WM173D,Groundwater,(WM) Well - Monitoring,FR-M-173D,(FRU) Front Range Urban GW,No Direct Use (WM),6/23/16,WaterT - Water Temperature,Physical,100%,19.4,0,,deg C,0,Final,
FRU08WM173D,Groundwater,(WM) Well - Monitoring,FR-M-173D,(FRU) Front Range Urban GW,No Direct Use (WM),6/11/13,WaterT - Water Temperature,Physical,100%,18.3,0,,deg C,0,Final,
FRU08WM173D,Groundwater,(WM) Well - Monitoring,FR-M-173D,(FRU) Front Range Urban GW,No Direct Use (WM),7/28/10,WaterT - Water Temperature,Physical,100%,13.1,0,,deg C,0,Final,
FRU08WM173D,Groundwater,(WM) Well - Monitoring,FR-M-173D,(FRU) Front Range Urban GW,No Direct Use (WM),5/28/08,WaterT - Water Temperature,Physical,100%,19.8,0,,deg C,0,Final,
FRU08WM173S,Groundwater,(WM) Well - Monitoring,FR-M-173S,(FRU) Front Range Urban GW,No Direct Use (WM),6/23/16,WaterT - Water Temperature,Physical,100%,16.6,0,,deg C,0,Final,
FRU08WM173S,Groundwater,(WM) Well - Monitoring,FR-M-173S,(FRU) Front Range Urban GW,No Direct Use (WM),6/11/13,WaterT - Water Temperature,Physical,100%,16.7,0,,deg C,0,Final,
FRU08WM173S,Groundwater,(WM) Well - Monitoring,FR-M-173S,(FRU) Front Range Urban GW,No Direct Use (WM),7/28/10,WaterT - Water Temperature,Physical,100%,12.7,0,,deg C,0,Final,
FRU08WM173S,Groundwater,(WM) Well - Monitoring,FR-M-173S,(FRU) Front Range Urban GW,No Direct Use (WM),5/28/08,WaterT - Water Temperature,Physical,100%,17,0,,deg C,0,Final,
FRU08WM174,Groundwater,(WM) Well - Monitoring,FR-M-174,(FRU) Front Range Urban GW,No Direct Use (WM),6/22/16,WaterT - Water Temperature,Physical,100%,15.7,0,,deg C,0,Final,
FRU08WM174,Groundwater,(WM) Well - Monitoring,FR-M-174,(FRU) Front Range Urban GW,No Direct Use (WM),6/10/13,WaterT - Water Temperature,Physical,100%,15.6,0,,deg C,0,Final,
FRU08WM174,Groundwater,(WM) Well - Monitoring,FR-M-174,(FRU) Front Range Urban GW,No Direct Use (WM),7/29/10,WaterT - Water Temperature,Physical,100%,13.3,0,,deg C,0,Final,
FRU08WM174,Groundwater,(WM) Well - Monitoring,FR-M-174,(FRU) Front Range Urban GW,No Direct Use (WM),5/28/08,WaterT - Water Temperature,Physical,100%,14.1,0,,deg C,0,Final,
FRU08WM175,Groundwater,(WM) Well - Monitoring,FR-M-175,(FRU) Front Range Urban GW,No Direct Use (WM),6/22/16,WaterT - Water Temperature,Physical,100%,14.5,0,,deg C,0,Final,
FRU08WM175,Groundwater,(WM) Well - Monitoring,FR-M-175,(FRU) Front Range Urban GW,No Direct Use (WM),6/10/13,WaterT - Water Temperature,Physical,100%,16.1,0,,deg C,0,Final,
FRU08WM175,Groundwater,(WM) Well - Monitoring,FR-M-175,(FRU) Front Range Urban GW,No Direct Use (WM),7/28/10,WaterT - Water Temperature,Physical,100%,12.5,0,,deg C,0,Final,
FRU08WM175,Groundwater,(WM) Well - Monitoring,FR-M-175,(FRU) Front Range Urban GW,No Direct Use (WM),5/27/08,WaterT - Water Temperature,Physical,100%,14.1,0,,deg C,0,Final,
FRU06WP2,Groundwater,(WP) Well - Public Supply,PP-D-002,(FRU) Front Range Urban GW,Public Supply,9/25/06,WaterT - Water Temperature,Physical,100%,14.8,0,,deg C,0,Final,
LA06WD3,Groundwater,(WD) Well - Domestic,PP-D-003,(LA) Lower Arkansas GW,"Domestic, drinking",9/25/06,WaterT - Water Temperature,Physical,100%,13.8,0,,deg C,0,Final,
LA06WD4,Groundwater,(WD) Well - Domestic,PP-D-004,(LA) Lower Arkansas GW,"Domestic, drinking",9/26/06,WaterT - Water Temperature,Physical,100%,11.2,0,,deg C,0,Final,
LSP06WD5,Groundwater,(WD) Well - Domestic,PP-D-005,(LSP) Lower South Platte GW,"Domestic, drinking",9/26/06,WaterT - Water Temperature,Physical,100%,10.3,0,,deg C,0,Final,
LSP06WD6,Groundwater,(WD) Well - Domestic,PP-D-006,(LSP) Lower South Platte GW,"Domestic, drinking",9/26/06,WaterT - Water Temperature,Physical,100%,10,0,,deg C,0,Final,
LA06WD7,Groundwater,(WD) Well - Domestic,PP-D-007,(LA) Lower Arkansas GW,"Domestic, drinking",9/26/06,WaterT - Water Temperature,Physical,100%,9.6,0,,deg C,0,Final,
LA06WD8,Groundwater,(WD) Well - Domestic,PP-D-008,(LA) Lower Arkansas GW,"Domestic, drinking",9/26/06,WaterT - Water Temperature,Physical,100%,10,0,,deg C,0,Final,
LA06WD10,Groundwater,(WD) Well - Domestic,PP-D-010,(LA) Lower Arkansas GW,"Domestic, drinking",9/26/06,WaterT - Water Temperature,Physical,100%,13.8,0,,deg C,0,Final,
LA06WD11,Groundwater,(WD) Well - Domestic,PP-D-011,(LA) Lower Arkansas GW,"Domestic, drinking",9/26/06,WaterT - Water Temperature,Physical,100%,14.3,0,,deg C,0,Final,
LA06WD12,Groundwater,(WD) Well - Domestic,PP-D-012,(LA) Lower Arkansas GW,"Domestic, drinking",9/27/06,WaterT - Water Temperature,Physical,100%,14.7,0,,deg C,0,Final,
LA06WD13,Groundwater,(WD) Well - Domestic,PP-D-013,(LA) Lower Arkansas GW,"Domestic, drinking",9/27/06,WaterT - Water Temperature,Physical,100%,13.5,0,,deg C,0,Final,
LA06WP14,Groundwater,(WP) Well - Public Supply,PP-D-014,(LA) Lower Arkansas GW,Public Supply,9/27/06,WaterT - Water Temperature,Physical,100%,13.1,0,,deg C,0,Final,
LA06WP15,Groundwater,(WP) Well - Public Supply,PP-D-015,(LA) Lower Arkansas GW,Public Supply,9/27/06,WaterT - Water Temperature,Physical,100%,14.9,0,,deg C,0,Final,
LA06WD16,Groundwater,(WD) Well - Domestic,PP-D-016,(LA) Lower Arkansas GW,"Domestic, drinking",9/27/06,WaterT - Water Temperature,Physical,100%,15.9,0,,deg C,0,Final,
MTN06WD17,Groundwater,(WD) Well - Domestic,PP-D-017,(MTN) Mountainous Area GW,"Domestic, drinking",9/28/06,WaterT - Water Temperature,Physical,100%,12.5,0,,deg C,0,Final,
FRU06WD18,Groundwater,(WD) Well - Domestic,PP-D-018,(FRU) Front Range Urban GW,"Domestic, drinking",9/28/06,WaterT - Water Temperature,Physical,100%,12.1,0,,deg C,0,Final,
FRU06WD19,Groundwater,(WD) Well - Domestic,PP-D-019,(FRU) Front Range Urban GW,"Domestic, drinking",9/28/06,WaterT - Water Temperature,Physical,100%,15.7,0,,deg C,0,Final,
FRU06WP20,Groundwater,(WP) Well - Public Supply,PP-D-020,(FRU) Front Range Urban GW,Public Supply,9/28/06,WaterT - Water Temperature,Physical,100%,13.4,0,,deg C,0,Final,
LA06WD21,Groundwater,(WD) Well - Domestic,PP-D-021,(LA) Lower Arkansas GW,"Domestic, drinking",9/28/06,WaterT - Water Temperature,Physical,100%,14.9,0,,deg C,0,Final,
LA06WD22,Groundwater,(WD) Well - Domestic,PP-D-022,(LA) Lower Arkansas GW,"Domestic, drinking",9/28/06,WaterT - Water Temperature,Physical,100%,13,0,,deg C,0,Final,
FRU06WD23,Groundwater,(WD) Well - Domestic,PP-D-023,(FRU) Front Range Urban GW,"Domestic, drinking",9/28/06,WaterT - Water Temperature,Physical,100%,12.9,0,,deg C,0,Final,
FRU06WD24,Groundwater,(WD) Well - Domestic,PP-D-024,(FRU) Front Range Urban GW,"Domestic, drinking",9/29/06,WaterT - Water Temperature,Physical,100%,13.1,0,,deg C,0,Final,
FRU06WD25,Groundwater,(WD) Well - Domestic,PP-D-025,(FRU) Front Range Urban GW,"Domestic, non-drinking",9/29/06,WaterT - Water Temperature,Physical,100%,14.1,0,,deg C,0,Final,
LA06WD26,Groundwater,(WD) Well - Domestic,PP-D-026,(LA) Lower Arkansas GW,"Domestic, drinking",11/7/06,WaterT - Water Temperature,Physical,100%,10.7,0,,deg C,0,Final,
LA06WD27,Groundwater,(WD) Well - Domestic,PP-D-027,(LA) Lower Arkansas GW,Commercial,11/7/06,WaterT - Water Temperature,Physical,100%,11.5,0,,deg C,0,Final,
LA06WD28,Groundwater,(WD) Well - Domestic,PP-D-028,(LA) Lower Arkansas GW,"Domestic, drinking",11/7/06,WaterT - Water Temperature,Physical,100%,11.5,0,,deg C,0,Final,
LA06WD29,Groundwater,(WD) Well - Domestic,PP-D-029,(LA) Lower Arkansas GW,"Domestic, drinking",11/8/06,WaterT - Water Temperature,Physical,100%,12.3,0,,deg C,0,Final,
FRU06WC30,Groundwater,(WC) Well - Commercial,PP-D-030,(FRU) Front Range Urban GW,Commercial,11/8/06,WaterT - Water Temperature,Physical,100%,13,0,,deg C,0,Final,
FRU06WD31,Groundwater,(WD) Well - Domestic,PP-D-031,(FRU) Front Range Urban GW,"Domestic, drinking",11/8/06,WaterT - Water Temperature,Physical,100%,12.3,0,,deg C,0,Final,
FRU06WR32,Groundwater,(WR) Well - Recreation,PP-D-032,(FRU) Front Range Urban GW,Recreation,11/8/06,WaterT - Water Temperature,Physical,100%,13.6,0,,deg C,0,Final,
LA06WD33,Groundwater,(WD) Well - Domestic,PP-D-033,(LA) Lower Arkansas GW,"Domestic, non-drinking",11/8/06,WaterT - Water Temperature,Physical,100%,15.1,0,,deg C,0,Final,
LA06WD34,Groundwater,(WD) Well - Domestic,PP-D-034,(LA) Lower Arkansas GW,"Domestic, drinking",11/9/06,WaterT - Water Temperature,Physical,100%,12.6,0,,deg C,0,Final,
LA06WD35,Groundwater,(WD) Well - Domestic,PP-D-035,(LA) Lower Arkansas GW,"Domestic, drinking",11/9/06,WaterT - Water Temperature,Physical,100%,11.8,0,,deg C,0,Final,
LA06WD36,Groundwater,(WD) Well - Domestic,PP-D-036,(LA) Lower Arkansas GW,"Domestic, non-drinking",11/9/06,WaterT - Water Temperature,Physical,100%,11.1,0,,deg C,0,Final,
LA06WD37,Groundwater,(WD) Well - Domestic,PP-D-037,(LA) Lower Arkansas GW,"Domestic, drinking",11/9/06,WaterT - Water Temperature,Physical,100%,14.4,0,,deg C,0,Final,
LA06WD38,Groundwater,(WD) Well - Domestic,PP-D-038,(LA) Lower Arkansas GW,"Domestic, drinking",11/30/06,WaterT - Water Temperature,Physical,100%,8.8,0,,deg C,0,Final,
LA06WD39,Groundwater,(WD) Well - Domestic,PP-D-039,(LA) Lower Arkansas GW,"Domestic, drinking",11/30/06,WaterT - Water Temperature,Physical,100%,9.4,0,,deg C,0,Final,
LA06WD40,Groundwater,(WD) Well - Domestic,PP-D-040,(LA) Lower Arkansas GW,"Domestic, drinking",11/30/06,WaterT - Water Temperature,Physical,100%,9.8,0,,deg C,0,Final,
LA06WD41,Groundwater,(WD) Well - Domestic,PP-D-041,(LA) Lower Arkansas GW,"Domestic, drinking",11/30/06,WaterT - Water Temperature,Physical,100%,10.3,0,,deg C,0,Final,
LA06WL42,Groundwater,(WL) Well - Livestock,PP-D-042,(LA) Lower Arkansas GW,Livestock,12/1/06,WaterT - Water Temperature,Physical,100%,12.9,0,,deg C,0,Final,
LA06WL43,Groundwater,(WL) Well - Livestock,PP-D-043,(LA) Lower Arkansas GW,Livestock,12/1/06,WaterT - Water Temperature,Physical,100%,13.7,0,,deg C,0,Final,
LA06WL44,Groundwater,(WL) Well - Livestock,PP-D-044,(LA) Lower Arkansas GW,Livestock,12/1/06,WaterT - Water Temperature,Physical,100%,14.8,0,,deg C,0,Final,
FRU06WD45,Groundwater,(WD) Well - Domestic,PP-D-045,(FRU) Front Range Urban GW,"Domestic, drinking",12/1/06,WaterT - Water Temperature,Physical,100%,9.6,0,,deg C,0,Final,
LA06WD46,Groundwater,(WD) Well - Domestic,PP-D-046,(LA) Lower Arkansas GW,Livestock,12/4/06,WaterT - Water Temperature,Physical,100%,13,0,,deg C,0,Final,
LA06WD47,Groundwater,(WD) Well - Domestic,PP-D-047,(LA) Lower Arkansas GW,"Domestic, non-drinking",12/4/06,WaterT - Water Temperature,Physical,100%,11.7,0,,deg C,0,Final,
LA06WD48,Groundwater,(WD) Well - Domestic,PP-D-048,(LA) Lower Arkansas GW,Livestock,12/4/06,WaterT - Water Temperature,Physical,100%,12.5,0,,deg C,0,Final,
LA06WD49,Groundwater,(WD) Well - Domestic,PP-D-049,(LA) Lower Arkansas GW,Commercial,12/7/06,WaterT - Water Temperature,Physical,100%,12.5,0,,deg C,0,Final,
LA06CI9,Groundwater,(CI) Well - Crop Irrigation,PP-I-009,(LA) Lower Arkansas GW,"Irrigation, Crop",9/26/06,WaterT - Water Temperature,Physical,100%,11.3,0,,deg C,0,Final,
FRU08WM174,Groundwater,(WM) Well - Monitoring,FR-M-174,(FRU) Front Range Urban GW,No Direct Use (WM),7/1/24,WaterT - Water Temperature,Physical,100%,16.4,0,,deg C,0,Final,
FRU08WM171,Groundwater,(WM) Well - Monitoring,FR-M-171,(FRU) Front Range Urban GW,No Direct Use (WM),7/1/24,WaterT - Water Temperature,Physical,100%,20.7,0,,deg C,0,Final,
FRU08WM175,Groundwater,(WM) Well - Monitoring,FR-M-175,(FRU) Front Range Urban GW,No Direct Use (WM),7/1/24,WaterT - Water Temperature,Physical,100%,14.9,0,,deg C,0,Final,
FRU08WM169S,Groundwater,(WM) Well - Monitoring,FR-M-169S,(FRU) Front Range Urban GW,No Direct Use (WM),7/1/24,WaterT - Water Temperature,Physical,100%,10.7,0,,deg C,0,Final,
FRU08WM169D,Groundwater,(WM) Well - Monitoring,FR-M-169D,(FRU) Front Range Urban GW,No Direct Use (WM),7/1/24,WaterT - Water Temperature,Physical,100%,10.8,0,,deg C,0,Final,
FRU08WM172,Groundwater,(WM) Well - Monitoring,FR-M-172,(FRU) Front Range Urban GW,No Direct Use (WM),7/1/24,WaterT - Water Temperature,Physical,100%,13.2,0,,deg C,0,Final,
FRU08WM167,Groundwater,(WM) Well - Monitoring,FR-M-167,(FRU) Front Range Urban GW,No Direct Use (WM),7/2/24,WaterT - Water Temperature,Physical,100%,14.9,0,,deg C,0,Final,
FRU08WM167,Groundwater,(WM) Well - Monitoring,FR-M-167,(FRU) Front Range Urban GW,No Direct Use (WM),6/28/16,pH (Field) - pH (Field),Physical,100%,6.47,0,,std units,0,Final,
FRU08WM167,Groundwater,(WM) Well - Monitoring,FR-M-167,(FRU) Front Range Urban GW,No Direct Use (WM),6/12/13,pH (Field) - pH (Field),Physical,100%,6.67,0,,std units,0,Final,
FRU08WM167,Groundwater,(WM) Well - Monitoring,FR-M-167,(FRU) Front Range Urban GW,No Direct Use (WM),7/28/10,pH (Field) - pH (Field),Physical,100%,6.7,0,,std units,0,Final,
FRU08WM167,Groundwater,(WM) Well - Monitoring,FR-M-167,(FRU) Front Range Urban GW,No Direct Use (WM),5/29/08,pH (Field) - pH (Field),Physical,100%,6.56,0,,std units,0,Final,
FRU08WM168,Groundwater,(WM) Well - Monitoring,FR-M-168,(FRU) Front Range Urban GW,No Direct Use (WM),6/28/16,pH (Field) - pH (Field),Physical,100%,7,0,,std units,0,Final,
FRU08WM168,Groundwater,(WM) Well - Monitoring,FR-M-168,(FRU) Front Range Urban GW,No Direct Use (WM),6/10/13,pH (Field) - pH (Field),Physical,100%,7.08,0,,std units,0,Final,
FRU08WM168,Groundwater,(WM) Well - Monitoring,FR-M-168,(FRU) Front Range Urban GW,No Direct Use (WM),7/29/10,pH (Field) - pH (Field),Physical,100%,7.1,0,,std units,0,Final,
FRU08WM168,Groundwater,(WM) Well - Monitoring,FR-M-168,(FRU) Front Range Urban GW,No Direct Use (WM),5/29/08,pH (Field) - pH (Field),Physical,100%,6.97,0,,std units,0,Final,
FRU08WM169D,Groundwater,(WM) Well - Monitoring,FR-M-169D,(FRU) Front Range Urban GW,No Direct Use (WM),6/23/16,pH (Field) - pH (Field),Physical,100%,7.17,0,,std units,0,Final,
FRU08WM169D,Groundwater,(WM) Well - Monitoring,FR-M-169D,(FRU) Front Range Urban GW,No Direct Use (WM),6/10/13,pH (Field) - pH (Field),Physical,100%,7.18,0,,std units,0,Final,
FRU08WM169D,Groundwater,(WM) Well - Monitoring,FR-M-169D,(FRU) Front Range Urban GW,No Direct Use (WM),7/27/10,pH (Field) - pH (Field),Physical,100%,7.3,0,,std units,0,Final,
FRU08WM169D,Groundwater,(WM) Well - Monitoring,FR-M-169D,(FRU) Front Range Urban GW,No Direct Use (WM),5/28/08,pH (Field) - pH (Field),Physical,100%,7.15,0,,std units,0,Final,
FRU08WM169S,Groundwater,(WM) Well - Monitoring,FR-M-169S,(FRU) Front Range Urban GW,No Direct Use (WM),6/23/16,pH (Field) - pH (Field),Physical,100%,6.92,0,,std units,0,Final,
FRU08WM169S,Groundwater,(WM) Well - Monitoring,FR-M-169S,(FRU) Front Range Urban GW,No Direct Use (WM),6/10/13,pH (Field) - pH (Field),Physical,100%,6.86,0,,std units,0,Final,
FRU08WM169S,Groundwater,(WM) Well - Monitoring,FR-M-169S,(FRU) Front Range Urban GW,No Direct Use (WM),7/27/10,pH (Field) - pH (Field),Physical,100%,7.2,0,,std units,0,Final,
FRU08WM169S,Groundwater,(WM) Well - Monitoring,FR-M-169S,(FRU) Front Range Urban GW,No Direct Use (WM),5/28/08,pH (Field) - pH (Field),Physical,100%,6.95,0,,std units,0,Final,
FRU08WM170,Groundwater,(WM) Well - Monitoring,FR-M-170,(FRU) Front Range Urban GW,No Direct Use (WM),6/11/13,pH (Field) - pH (Field),Physical,100%,6.65,0,,std units,0,Final,
FRU08WM170,Groundwater,(WM) Well - Monitoring,FR-M-170,(FRU) Front Range Urban GW,No Direct Use (WM),7/28/10,pH (Field) - pH (Field),Physical,100%,6.7,0,,std units,0,Final,
FRU08WM170,Groundwater,(WM) Well - Monitoring,FR-M-170,(FRU) Front Range Urban GW,No Direct Use (WM),5/27/08,pH (Field) - pH (Field),Physical,100%,6.53,0,,std units,0,Final,
FRU08WM171,Groundwater,(WM) Well - Monitoring,FR-M-171,(FRU) Front Range Urban GW,No Direct Use (WM),6/22/16,pH (Field) - pH (Field),Physical,100%,7.17,0,,std units,0,Final,
FRU08WM171,Groundwater,(WM) Well - Monitoring,FR-M-171,(FRU) Front Range Urban GW,No Direct Use (WM),6/12/13,pH (Field) - pH (Field),Physical,100%,7.24,0,,std units,0,Final,
FRU08WM171,Groundwater,(WM) Well - Monitoring,FR-M-171,(FRU) Front Range Urban GW,No Direct Use (WM),7/29/10,pH (Field) - pH (Field),Physical,100%,7.2,0,,std units,0,Final,
FRU08WM171,Groundwater,(WM) Well - Monitoring,FR-M-171,(FRU) Front Range Urban GW,No Direct Use (WM),5/29/08,pH (Field) - pH (Field),Physical,100%,7.15,0,,std units,0,Final,
FRU08WM172,Groundwater,(WM) Well - Monitoring,FR-M-172,(FRU) Front Range Urban GW,No Direct Use (WM),6/12/13,pH (Field) - pH (Field),Physical,100%,6.77,0,,std units,0,Final,
FRU08WM172,Groundwater,(WM) Well - Monitoring,FR-M-172,(FRU) Front Range Urban GW,No Direct Use (WM),7/27/10,pH (Field) - pH (Field),Physical,100%,6.6,0,,std units,0,Final,
FRU08WM172,Groundwater,(WM) Well - Monitoring,FR-M-172,(FRU) Front Range Urban GW,No Direct Use (WM),5/27/08,pH (Field) - pH (Field),Physical,100%,6.48,0,,std units,0,Final,
FRU08WM173D,Groundwater,(WM) Well - Monitoring,FR-M-173D,(FRU) Front Range Urban GW,No Direct Use (WM),6/23/16,pH (Field) - pH (Field),Physical,100%,7.18,0,,std units,0,Final,
FRU08WM173D,Groundwater,(WM) Well - Monitoring,FR-M-173D,(FRU) Front Range Urban GW,No Direct Use (WM),6/11/13,pH (Field) - pH (Field),Physical,100%,7.3,0,,std units,0,Final,
FRU08WM173D,Groundwater,(WM) Well - Monitoring,FR-M-173D,(FRU) Front Range Urban GW,No Direct Use (WM),7/28/10,pH (Field) - pH (Field),Physical,100%,7.2,0,,std units,0,Final,
FRU08WM173D,Groundwater,(WM) Well - Monitoring,FR-M-173D,(FRU) Front Range Urban GW,No Direct Use (WM),5/28/08,pH (Field) - pH (Field),Physical,100%,7.15,0,,std units,0,Final,
FRU08WM173S,Groundwater,(WM) Well - Monitoring,FR-M-173S,(FRU) Front Range Urban GW,No Direct Use (WM),6/23/16,pH (Field) - pH (Field),Physical,100%,6.84,0,,std units,0,Final,
FRU08WM173S,Groundwater,(WM) Well - Monitoring,FR-M-173S,(FRU) Front Range Urban GW,No Direct Use (WM),6/11/13,pH (Field) - pH (Field),Physical,100%,7.1,0,,std units,0,Final,
FRU08WM173S,Groundwater,(WM) Well - Monitoring,FR-M-173S,(FRU) Front Range Urban GW,No Direct Use (WM),7/28/10,pH (Field) - pH (Field),Physical,100%,7.1,0,,std units,0,Final,
FRU08WM173S,Groundwater,(WM) Well - Monitoring,FR-M-173S,(FRU) Front Range Urban GW,No Direct Use (WM),5/28/08,pH (Field) - pH (Field),Physical,100%,6.86,0,,std units,0,Final,
FRU08WM174,Groundwater,(WM) Well - Monitoring,FR-M-174,(FRU) Front Range Urban GW,No Direct Use (WM),6/22/16,pH (Field) - pH (Field),Physical,100%,6.84,0,,std units,0,Final,
FRU08WM174,Groundwater,(WM) Well - Monitoring,FR-M-174,(FRU) Front Range Urban GW,No Direct Use (WM),6/10/13,pH (Field) - pH (Field),Physical,100%,6.98,0,,std units,0,Final,
FRU08WM174,Groundwater,(WM) Well - Monitoring,FR-M-174,(FRU) Front Range Urban GW,No Direct Use (WM),7/29/10,pH (Field) - pH (Field),Physical,100%,7.1,0,,std units,0,Final,
FRU08WM174,Groundwater,(WM) Well - Monitoring,FR-M-174,(FRU) Front Range Urban GW,No Direct Use (WM),5/28/08,pH (Field) - pH (Field),Physical,100%,6.99,0,,std units,0,Final,
FRU08WM175,Groundwater,(WM) Well - Monitoring,FR-M-175,(FRU) Front Range Urban GW,No Direct Use (WM),6/22/16,pH (Field) - pH (Field),Physical,100%,6.75,0,,std units,0,Final,
FRU08WM175,Groundwater,(WM) Well - Monitoring,FR-M-175,(FRU) Front Range Urban GW,No Direct Use (WM),6/10/13,pH (Field) - pH (Field),Physical,100%,6.82,0,,std units,0,Final,
FRU08WM175,Groundwater,(WM) Well - Monitoring,FR-M-175,(FRU) Front Range Urban GW,No Direct Use (WM),7/28/10,pH (Field) - pH (Field),Physical,100%,6.9,0,,std units,0,Final,
FRU08WM175,Groundwater,(WM) Well - Monitoring,FR-M-175,(FRU) Front Range Urban GW,No Direct Use (WM),5/27/08,pH (Field) - pH (Field),Physical,100%,6.75,0,,std units,0,Final,
FRU08WM174,Groundwater,(WM) Well - Monitoring,FR-M-174,(FRU) Front Range Urban GW,No Direct Use (WM),7/1/24,pH (Field) - pH (Field),Physical,100%,7.04,0,,,0,Final,
FRU08WM171,Groundwater,(WM) Well - Monitoring,FR-M-171,(FRU) Front Range Urban GW,No Direct Use (WM),7/1/24,pH (Field) - pH (Field),Physical,100%,6.91,0,,,0,Final,
FRU08WM175,Groundwater,(WM) Well - Monitoring,FR-M-175,(FRU) Front Range Urban GW,No Direct Use (WM),7/1/24,pH (Field) - pH (Field),Physical,100%,6.91,0,,,0,Final,
FRU08WM169S,Groundwater,(WM) Well - Monitoring,FR-M-169S,(FRU) Front Range Urban GW,No Direct Use (WM),7/1/24,pH (Field) - pH (Field),Physical,100%,7.08,0,,,0,Final,
FRU08WM169D,Groundwater,(WM) Well - Monitoring,FR-M-169D,(FRU) Front Range Urban GW,No Direct Use (WM),7/1/24,pH (Field) - pH (Field),Physical,100%,7.3,0,,,0,Final,
FRU08WM172,Groundwater,(WM) Well - Monitoring,FR-M-172,(FRU) Front Range Urban GW,No Direct Use (WM),7/1/24,pH (Field) - pH (Field),Physical,100%,6.84,0,,,0,Final,
FRU08WM167,Groundwater,(WM) Well - Monitoring,FR-M-167,(FRU) Front Range Urban GW,No Direct Use (WM),7/2/24,pH (Field) - pH (Field),Physical,100%,6.54,0,,,0,Final,
FRU08WM167,Groundwater,(WM) Well - Monitoring,FR-M-167,(FRU) Front Range Urban GW,No Direct Use (WM),5/29/08,pH (Lab) - pH (Lab),Physical,100%,6.9,0,,std units,0,Final,
FRU08WM168,Groundwater,(WM) Well - Monitoring,FR-M-168,(FRU) Front Range Urban GW,No Direct Use (WM),5/29/08,pH (Lab) - pH (Lab),Physical,100%,8.3,0,,std units,0,Final,
FRU08WM169D,Groundwater,(WM) Well - Monitoring,FR-M-169D,(FRU) Front Range Urban GW,No Direct Use (WM),5/28/08,pH (Lab) - pH (Lab),Physical,100%,7.8,0,,std units,0,Final,
FRU08WM169S,Groundwater,(WM) Well - Monitoring,FR-M-169S,(FRU) Front Range Urban GW,No Direct Use (WM),5/28/08,pH (Lab) - pH (Lab),Physical,100%,7.6,0,,std units,0,Final,
FRU08WM170,Groundwater,(WM) Well - Monitoring,FR-M-170,(FRU) Front Range Urban GW,No Direct Use (WM),5/27/08,pH (Lab) - pH (Lab),Physical,100%,6.9,0,,std units,0,Final,
FRU08WM171,Groundwater,(WM) Well - Monitoring,FR-M-171,(FRU) Front Range Urban GW,No Direct Use (WM),5/29/08,pH (Lab) - pH (Lab),Physical,100%,7.5,0,,std units,0,Final,
FRU08WM172,Groundwater,(WM) Well - Monitoring,FR-M-172,(FRU) Front Range Urban GW,No Direct Use (WM),5/27/08,pH (Lab) - pH (Lab),Physical,100%,7.1,0,,std units,0,Final,
FRU08WM173D,Groundwater,(WM) Well - Monitoring,FR-M-173D,(FRU) Front Range Urban GW,No Direct Use (WM),5/28/08,pH (Lab) - pH (Lab),Physical,100%,7.3,0,,std units,0,Final,
FRU08WM173S,Groundwater,(WM) Well - Monitoring,FR-M-173S,(FRU) Front Range Urban GW,No Direct Use (WM),5/28/08,pH (Lab) - pH (Lab),Physical,100%,7.6,0,,std units,0,Final,
FRU08WM174,Groundwater,(WM) Well - Monitoring,FR-M-174,(FRU) Front Range Urban GW,No Direct Use (WM),5/28/08,pH (Lab) - pH (Lab),Physical,100%,7.7,0,,std units,0,Final,
FRU08WM175,Groundwater,(WM) Well - Monitoring,FR-M-175,(FRU) Front Range Urban GW,No Direct Use (WM),5/27/08,pH (Lab) - pH (Lab),Physical,100%,7.3,0,,std units,0,Final,
FRU06WP2,Groundwater,(WP) Well - Public Supply,PP-D-002,(FRU) Front Range Urban GW,Public Supply,9/25/06,pH (Lab) - pH (Lab),Physical,100%,7.8,0,,std units,0,Final,
LA06WD3,Groundwater,(WD) Well - Domestic,PP-D-003,(LA) Lower Arkansas GW,"Domestic, drinking",9/25/06,pH (Lab) - pH (Lab),Physical,100%,7.5,0,,std units,0,Final,
LA06WD4,Groundwater,(WD) Well - Domestic,PP-D-004,(LA) Lower Arkansas GW,"Domestic, drinking",9/26/06,pH (Lab) - pH (Lab),Physical,100%,7.3,0,,std units,0,Final,
LSP06WD5,Groundwater,(WD) Well - Domestic,PP-D-005,(LSP) Lower South Platte GW,"Domestic, drinking",9/26/06,pH (Lab) - pH (Lab),Physical,100%,7.6,0,,std units,0,Final,
LSP06WD6,Groundwater,(WD) Well - Domestic,PP-D-006,(LSP) Lower South Platte GW,"Domestic, drinking",9/26/06,pH (Lab) - pH (Lab),Physical,100%,7.1,0,,std units,0,Final,
LA06WD7,Groundwater,(WD) Well - Domestic,PP-D-007,(LA) Lower Arkansas GW,"Domestic, drinking",9/26/06,pH (Lab) - pH (Lab),Physical,100%,7.2,0,,std units,0,Final,
LA06WD8,Groundwater,(WD) Well - Domestic,PP-D-008,(LA) Lower Arkansas GW,"Domestic, drinking",9/26/06,pH (Lab) - pH (Lab),Physical,100%,7.5,0,,std units,0,Final,
LA06WD10,Groundwater,(WD) Well - Domestic,PP-D-010,(LA) Lower Arkansas GW,"Domestic, drinking",9/26/06,pH (Lab) - pH (Lab),Physical,100%,7.7,0,,std units,0,Final,
LA06WD11,Groundwater,(WD) Well - Domestic,PP-D-011,(LA) Lower Arkansas GW,"Domestic, drinking",9/26/06,pH (Lab) - pH (Lab),Physical,100%,7.7,0,,std units,0,Final,
LA06WD12,Groundwater,(WD) Well - Domestic,PP-D-012,(LA) Lower Arkansas GW,"Domestic, drinking",9/27/06,pH (Lab) - pH (Lab),Physical,100%,6.5,0,,std units,0,Final,
LA06WD13,Groundwater,(WD) Well - Domestic,PP-D-013,(LA) Lower Arkansas GW,"Domestic, drinking",9/27/06,pH (Lab) - pH (Lab),Physical,100%,7.5,0,,std units,0,Final,
LA06WP14,Groundwater,(WP) Well - Public Supply,PP-D-014,(LA) Lower Arkansas GW,Public Supply,9/27/06,pH (Lab) - pH (Lab),Physical,100%,7.7,0,,std units,0,Final,
LA06WP15,Groundwater,(WP) Well - Public Supply,PP-D-015,(LA) Lower Arkansas GW,Public Supply,9/27/06,pH (Lab) - pH (Lab),Physical,100%,7.3,0,,std units,0,Final,
LA06WD16,Groundwater,(WD) Well - Domestic,PP-D-016,(LA) Lower Arkansas GW,"Domestic, drinking",9/27/06,pH (Lab) - pH (Lab),Physical,100%,7.6,0,,std units,0,Final,
MTN06WD17,Groundwater,(WD) Well - Domestic,PP-D-017,(MTN) Mountainous Area GW,"Domestic, drinking",9/28/06,pH (Lab) - pH (Lab),Physical,100%,7.8,0,,std units,0,Final,
FRU06WD18,Groundwater,(WD) Well - Domestic,PP-D-018,(FRU) Front Range Urban GW,"Domestic, drinking",9/28/06,pH (Lab) - pH (Lab),Physical,100%,7.6,0,,std units,0,Final,
FRU06WD19,Groundwater,(WD) Well - Domestic,PP-D-019,(FRU) Front Range Urban GW,"Domestic, drinking",9/28/06,pH (Lab) - pH (Lab),Physical,100%,7.6,0,,std units,0,Final,
FRU06WP20,Groundwater,(WP) Well - Public Supply,PP-D-020,(FRU) Front Range Urban GW,Public Supply,9/28/06,pH (Lab) - pH (Lab),Physical,100%,7.5,0,,std units,0,Final,
LA06WD21,Groundwater,(WD) Well - Domestic,PP-D-021,(LA) Lower Arkansas GW,"Domestic, drinking",9/28/06,pH (Lab) - pH (Lab),Physical,100%,7.5,0,,std units,0,Final,
LA06WD22,Groundwater,(WD) Well - Domestic,PP-D-022,(LA) Lower Arkansas GW,"Domestic, drinking",9/28/06,pH (Lab) - pH (Lab),Physical,100%,7.7,0,,std units,0,Final,
FRU06WD23,Groundwater,(WD) Well - Domestic,PP-D-023,(FRU) Front Range Urban GW,"Domestic, drinking",9/28/06,pH (Lab) - pH (Lab),Physical,100%,7.3,0,,std units,0,Final,
FRU06WD24,Groundwater,(WD) Well - Domestic,PP-D-024,(FRU) Front Range Urban GW,"Domestic, drinking",9/29/06,pH (Lab) - pH (Lab),Physical,100%,7.6,0,,std units,0,Final,
FRU06WD25,Groundwater,(WD) Well - Domestic,PP-D-025,(FRU) Front Range Urban GW,"Domestic, non-drinking",9/29/06,pH (Lab) - pH (Lab),Physical,100%,7.2,0,,std units,0,Final,
LA06WD26,Groundwater,(WD) Well - Domestic,PP-D-026,(LA) Lower Arkansas GW,"Domestic, drinking",11/7/06,pH (Lab) - pH (Lab),Physical,100%,8.2,0,,std units,0,Final,
LA06WD27,Groundwater,(WD) Well - Domestic,PP-D-027,(LA) Lower Arkansas GW,Commercial,11/7/06,pH (Lab) - pH (Lab),Physical,100%,7.7,0,,std units,0,Final,
LA06WD28,Groundwater,(WD) Well - Domestic,PP-D-028,(LA) Lower Arkansas GW,"Domestic, drinking",11/7/06,pH (Lab) - pH (Lab),Physical,100%,8.1,0,,std units,0,Final,
LA06WD29,Groundwater,(WD) Well - Domestic,PP-D-029,(LA) Lower Arkansas GW,"Domestic, drinking",11/8/06,pH (Lab) - pH (Lab),Physical,100%,8.4,0,,std units,0,Final,
FRU06WC30,Groundwater,(WC) Well - Commercial,PP-D-030,(FRU) Front Range Urban GW,Commercial,11/8/06,pH (Lab) - pH (Lab),Physical,100%,8.2,0,,std units,0,Final,
FRU06WD31,Groundwater,(WD) Well - Domestic,PP-D-031,(FRU) Front Range Urban GW,"Domestic, drinking",11/8/06,pH (Lab) - pH (Lab),Physical,100%,7.6,0,,std units,0,Final,
FRU06WR32,Groundwater,(WR) Well - Recreation,PP-D-032,(FRU) Front Range Urban GW,Recreation,11/8/06,pH (Lab) - pH (Lab),Physical,100%,7.8,0,,std units,0,Final,
LA06WD33,Groundwater,(WD) Well - Domestic,PP-D-033,(LA) Lower Arkansas GW,"Domestic, non-drinking",11/8/06,pH (Lab) - pH (Lab),Physical,100%,8.2,0,,std units,0,Final,
LA06WD34,Groundwater,(WD) Well - Domestic,PP-D-034,(LA) Lower Arkansas GW,"Domestic, drinking",11/9/06,pH (Lab) - pH (Lab),Physical,100%,8,0,,std units,0,Final,
LA06WD35,Groundwater,(WD) Well - Domestic,PP-D-035,(LA) Lower Arkansas GW,"Domestic, drinking",11/9/06,pH (Lab) - pH (Lab),Physical,100%,7.3,0,,std units,0,Final,
LA06WD36,Groundwater,(WD) Well - Domestic,PP-D-036,(LA) Lower Arkansas GW,"Domestic, non-drinking",11/9/06,pH (Lab) - pH (Lab),Physical,100%,8.3,0,,std units,0,Final,
LA06WD37,Groundwater,(WD) Well - Domestic,PP-D-037,(LA) Lower Arkansas GW,"Domestic, drinking",11/9/06,pH (Lab) - pH (Lab),Physical,100%,8.6,0,,std units,0,Final,
LA06WD38,Groundwater,(WD) Well - Domestic,PP-D-038,(LA) Lower Arkansas GW,"Domestic, drinking",11/30/06,pH (Lab) - pH (Lab),Physical,100%,7.7,0,,std units,0,Final,
LA06WD39,Groundwater,(WD) Well - Domestic,PP-D-039,(LA) Lower Arkansas GW,"Domestic, drinking",11/30/06,pH (Lab) - pH (Lab),Physical,100%,8.1,0,,std units,0,Final,
LA06WD40,Groundwater,(WD) Well - Domestic,PP-D-040,(LA) Lower Arkansas GW,"Domestic, drinking",11/30/06,pH (Lab) - pH (Lab),Physical,100%,8.4,0,,std units,0,Final,
LA06WD41,Groundwater,(WD) Well - Domestic,PP-D-041,(LA) Lower Arkansas GW,"Domestic, drinking",11/30/06,pH (Lab) - pH (Lab),Physical,100%,8.4,0,,std units,0,Final,
LA06WL42,Groundwater,(WL) Well - Livestock,PP-D-042,(LA) Lower Arkansas GW,Livestock,12/1/06,pH (Lab) - pH (Lab),Physical,100%,8.3,0,,std units,0,Final,
LA06WL43,Groundwater,(WL) Well - Livestock,PP-D-043,(LA) Lower Arkansas GW,Livestock,12/1/06,pH (Lab) - pH (Lab),Physical,100%,8.3,0,,std units,0,Final,
LA06WL44,Groundwater,(WL) Well - Livestock,PP-D-044,(LA) Lower Arkansas GW,Livestock,12/1/06,pH (Lab) - pH (Lab),Physical,100%,7.9,0,,std units,0,Final,
FRU06WD45,Groundwater,(WD) Well - Domestic,PP-D-045,(FRU) Front Range Urban GW,"Domestic, drinking",12/1/06,pH (Lab) - pH (Lab),Physical,100%,8.7,0,,std units,0,Final,
LA06WD46,Groundwater,(WD) Well - Domestic,PP-D-046,(LA) Lower Arkansas GW,Livestock,12/4/06,pH (Lab) - pH (Lab),Physical,100%,8.4,0,,std units,0,Final,
LA06WD47,Groundwater,(WD) Well - Domestic,PP-D-047,(LA) Lower Arkansas GW,"Domestic, non-drinking",12/4/06,pH (Lab) - pH (Lab),Physical,100%,8.1,0,,std units,0,Final,
LA06WD48,Groundwater,(WD) Well - Domestic,PP-D-048,(LA) Lower Arkansas GW,Livestock,12/4/06,pH (Lab) - pH (Lab),Physical,100%,8,0,,std units,0,Final,
LA06WD49,Groundwater,(WD) Well - Domestic,PP-D-049,(LA) Lower Arkansas GW,Commercial,12/7/06,pH (Lab) - pH (Lab),Physical,100%,9.2,0,,std units,0,Final,
LA06CI9,Groundwater,(CI) Well - Crop Irrigation,PP-I-009,(LA) Lower Arkansas GW,"Irrigation, Crop",9/26/06,pH (Lab) - pH (Lab),Physical,100%,7.4,0,,std units,0,Final,
FRU08WM167,Groundwater,(WM) Well - Monitoring,FR-M-167,(FRU) Front Range Urban GW,No Direct Use (WM),6/28/16,ORP - Oxidation-Reduction Potential,Physical,86%,182,0,,mV,0,Final,
FRU08WM167,Groundwater,(WM) Well - Monitoring,FR-M-167,(FRU) Front Range Urban GW,No Direct Use (WM),6/12/13,ORP - Oxidation-Reduction Potential,Physical,86%,91,0,,mV,0,Final,
FRU08WM167,Groundwater,(WM) Well - Monitoring,FR-M-167,(FRU) Front Range Urban GW,No Direct Use (WM),7/28/10,ORP - Oxidation-Reduction Potential,Physical,86%,215.3,0,,mV,0,Final,
FRU08WM167,Groundwater,(WM) Well - Monitoring,FR-M-167,(FRU) Front Range Urban GW,No Direct Use (WM),5/29/08,ORP - Oxidation-Reduction Potential,Physical,86%,106.8,0,,mV,0,Final,
FRU08WM168,Groundwater,(WM) Well - Monitoring,FR-M-168,(FRU) Front Range Urban GW,No Direct Use (WM),6/28/16,ORP - Oxidation-Reduction Potential,Physical,86%,187,0,,mV,0,Final,
FRU08WM168,Groundwater,(WM) Well - Monitoring,FR-M-168,(FRU) Front Range Urban GW,No Direct Use (WM),6/10/13,ORP - Oxidation-Reduction Potential,Physical,86%,19.5,0,,mV,0,Final,
FRU08WM168,Groundwater,(WM) Well - Monitoring,FR-M-168,(FRU) Front Range Urban GW,No Direct Use (WM),7/29/10,ORP - Oxidation-Reduction Potential,Physical,86%,113.1,0,,mV,0,Final,
FRU08WM168,Groundwater,(WM) Well - Monitoring,FR-M-168,(FRU) Front Range Urban GW,No Direct Use (WM),5/29/08,ORP - Oxidation-Reduction Potential,Physical,86%,32.6,0,,mV,0,Final,
FRU08WM169D,Groundwater,(WM) Well - Monitoring,FR-M-169D,(FRU) Front Range Urban GW,No Direct Use (WM),6/23/16,ORP - Oxidation-Reduction Potential,Physical,86%,-79,0,,mV,0,Final,
FRU08WM169D,Groundwater,(WM) Well - Monitoring,FR-M-169D,(FRU) Front Range Urban GW,No Direct Use (WM),6/10/13,ORP - Oxidation-Reduction Potential,Physical,86%,-104.2,0,,mV,0,Final,
FRU08WM169D,Groundwater,(WM) Well - Monitoring,FR-M-169D,(FRU) Front Range Urban GW,No Direct Use (WM),7/27/10,ORP - Oxidation-Reduction Potential,Physical,86%,-76.2,0,,mV,0,Final,
FRU08WM169D,Groundwater,(WM) Well - Monitoring,FR-M-169D,(FRU) Front Range Urban GW,No Direct Use (WM),5/28/08,ORP - Oxidation-Reduction Potential,Physical,86%,-92.6,0,,mV,0,Final,
FRU08WM169S,Groundwater,(WM) Well - Monitoring,FR-M-169S,(FRU) Front Range Urban GW,No Direct Use (WM),6/23/16,ORP - Oxidation-Reduction Potential,Physical,86%,92,0,,mV,0,Final,
FRU08WM169S,Groundwater,(WM) Well - Monitoring,FR-M-169S,(FRU) Front Range Urban GW,No Direct Use (WM),6/10/13,ORP - Oxidation-Reduction Potential,Physical,86%,15.8,0,,mV,0,Final,
FRU08WM169S,Groundwater,(WM) Well - Monitoring,FR-M-169S,(FRU) Front Range Urban GW,No Direct Use (WM),7/27/10,ORP - Oxidation-Reduction Potential,Physical,86%,39.2,0,,mV,0,Final,
FRU08WM169S,Groundwater,(WM) Well - Monitoring,FR-M-169S,(FRU) Front Range Urban GW,No Direct Use (WM),5/28/08,ORP - Oxidation-Reduction Potential,Physical,86%,125.6,0,,mV,0,Final,
FRU08WM170,Groundwater,(WM) Well - Monitoring,FR-M-170,(FRU) Front Range Urban GW,No Direct Use (WM),6/11/13,ORP - Oxidation-Reduction Potential,Physical,86%,82.1,0,,mV,0,Final,
FRU08WM170,Groundwater,(WM) Well - Monitoring,FR-M-170,(FRU) Front Range Urban GW,No Direct Use (WM),7/28/10,ORP - Oxidation-Reduction Potential,Physical,86%,163.5,0,,mV,0,Final,
FRU08WM170,Groundwater,(WM) Well - Monitoring,FR-M-170,(FRU) Front Range Urban GW,No Direct Use (WM),5/27/08,ORP - Oxidation-Reduction Potential,Physical,86%,159.8,0,,mV,0,Final,
FRU08WM171,Groundwater,(WM) Well - Monitoring,FR-M-171,(FRU) Front Range Urban GW,No Direct Use (WM),6/22/16,ORP - Oxidation-Reduction Potential,Physical,86%,181,0,,mV,0,Final,
FRU08WM171,Groundwater,(WM) Well - Monitoring,FR-M-171,(FRU) Front Range Urban GW,No Direct Use (WM),6/12/13,ORP - Oxidation-Reduction Potential,Physical,86%,73,0,,mV,0,Final,
FRU08WM171,Groundwater,(WM) Well - Monitoring,FR-M-171,(FRU) Front Range Urban GW,No Direct Use (WM),7/29/10,ORP - Oxidation-Reduction Potential,Physical,86%,206.1,0,,mV,0,Final,
FRU08WM171,Groundwater,(WM) Well - Monitoring,FR-M-171,(FRU) Front Range Urban GW,No Direct Use (WM),5/29/08,ORP - Oxidation-Reduction Potential,Physical,86%,110.1,0,,mV,0,Final,
FRU08WM172,Groundwater,(WM) Well - Monitoring,FR-M-172,(FRU) Front Range Urban GW,No Direct Use (WM),6/12/13,ORP - Oxidation-Reduction Potential,Physical,86%,1.9,0,,mV,0,Final,
FRU08WM172,Groundwater,(WM) Well - Monitoring,FR-M-172,(FRU) Front Range Urban GW,No Direct Use (WM),7/27/10,ORP - Oxidation-Reduction Potential,Physical,86%,8.4,0,,mV,0,Final,
FRU08WM172,Groundwater,(WM) Well - Monitoring,FR-M-172,(FRU) Front Range Urban GW,No Direct Use (WM),5/27/08,ORP - Oxidation-Reduction Potential,Physical,86%,-1.2,0,,mV,0,Final,
FRU08WM173D,Groundwater,(WM) Well - Monitoring,FR-M-173D,(FRU) Front Range Urban GW,No Direct Use (WM),6/23/16,ORP - Oxidation-Reduction Potential,Physical,86%,166,0,,mV,0,Final,
FRU08WM173D,Groundwater,(WM) Well - Monitoring,FR-M-173D,(FRU) Front Range Urban GW,No Direct Use (WM),6/11/13,ORP - Oxidation-Reduction Potential,Physical,86%,49.2,0,,mV,0,Final,
FRU08WM173D,Groundwater,(WM) Well - Monitoring,FR-M-173D,(FRU) Front Range Urban GW,No Direct Use (WM),7/28/10,ORP - Oxidation-Reduction Potential,Physical,86%,123.2,0,,mV,0,Final,
FRU08WM173D,Groundwater,(WM) Well - Monitoring,FR-M-173D,(FRU) Front Range Urban GW,No Direct Use (WM),5/28/08,ORP - Oxidation-Reduction Potential,Physical,86%,18,0,,mV,0,Final,
FRU08WM173S,Groundwater,(WM) Well - Monitoring,FR-M-173S,(FRU) Front Range Urban GW,No Direct Use (WM),6/23/16,ORP - Oxidation-Reduction Potential,Physical,86%,162,0,,mV,0,Final,
FRU08WM173S,Groundwater,(WM) Well - Monitoring,FR-M-173S,(FRU) Front Range Urban GW,No Direct Use (WM),6/11/13,ORP - Oxidation-Reduction Potential,Physical,86%,74.8,0,,mV,0,Final,
FRU08WM173S,Groundwater,(WM) Well - Monitoring,FR-M-173S,(FRU) Front Range Urban GW,No Direct Use (WM),7/28/10,ORP - Oxidation-Reduction Potential,Physical,86%,203.2,0,,mV,0,Final,
FRU08WM173S,Groundwater,(WM) Well - Monitoring,FR-M-173S,(FRU) Front Range Urban GW,No Direct Use (WM),5/28/08,ORP - Oxidation-Reduction Potential,Physical,86%,96.8,0,,mV,0,Final,
FRU08WM174,Groundwater,(WM) Well - Monitoring,FR-M-174,(FRU) Front Range Urban GW,No Direct Use (WM),6/22/16,ORP - Oxidation-Reduction Potential,Physical,86%,184,0,,mV,0,Final,
FRU08WM174,Groundwater,(WM) Well - Monitoring,FR-M-174,(FRU) Front Range Urban GW,No Direct Use (WM),6/10/13,ORP - Oxidation-Reduction Potential,Physical,86%,92.2,0,,mV,0,Final,
FRU08WM174,Groundwater,(WM) Well - Monitoring,FR-M-174,(FRU) Front Range Urban GW,No Direct Use (WM),7/29/10,ORP - Oxidation-Reduction Potential,Physical,86%,201.7,0,,mV,0,Final,
FRU08WM174,Groundwater,(WM) Well - Monitoring,FR-M-174,(FRU) Front Range Urban GW,No Direct Use (WM),5/28/08,ORP - Oxidation-Reduction Potential,Physical,86%,127.8,0,,mV,0,Final,
FRU08WM175,Groundwater,(WM) Well - Monitoring,FR-M-175,(FRU) Front Range Urban GW,No Direct Use (WM),6/22/16,ORP - Oxidation-Reduction Potential,Physical,86%,175,0,,mV,0,Final,
FRU08WM175,Groundwater,(WM) Well - Monitoring,FR-M-175,(FRU) Front Range Urban GW,No Direct Use (WM),6/10/13,ORP - Oxidation-Reduction Potential,Physical,86%,98.6,0,,mV,0,Final,
FRU08WM175,Groundwater,(WM) Well - Monitoring,FR-M-175,(FRU) Front Range Urban GW,No Direct Use (WM),7/28/10,ORP - Oxidation-Reduction Potential,Physical,86%,206.2,0,,mV,0,Final,
FRU08WM175,Groundwater,(WM) Well - Monitoring,FR-M-175,(FRU) Front Range Urban GW,No Direct Use (WM),5/27/08,ORP - Oxidation-Reduction Potential,Physical,86%,40.2,0,,mV,0,Final,
FRU08WM174,Groundwater,(WM) Well - Monitoring,FR-M-174,(FRU) Front Range Urban GW,No Direct Use (WM),7/1/24,ORP - Oxidation-Reduction Potential,Physical,86%,194.3,0,,mV,0,Final,
FRU08WM171,Groundwater,(WM) Well - Monitoring,FR-M-171,(FRU) Front Range Urban GW,No Direct Use (WM),7/1/24,ORP - Oxidation-Reduction Potential,Physical,86%,153.6,0,,mV,0,Final,
FRU08WM175,Groundwater,(WM) Well - Monitoring,FR-M-175,(FRU) Front Range Urban GW,No Direct Use (WM),7/1/24,ORP - Oxidation-Reduction Potential,Physical,86%,220.2,0,,mV,0,Final,
FRU08WM169S,Groundwater,(WM) Well - Monitoring,FR-M-169S,(FRU) Front Range Urban GW,No Direct Use (WM),7/1/24,ORP - Oxidation-Reduction Potential,Physical,86%,224.9,0,,mV,0,Final,
FRU08WM169D,Groundwater,(WM) Well - Monitoring,FR-M-169D,(FRU) Front Range Urban GW,No Direct Use (WM),7/1/24,ORP - Oxidation-Reduction Potential,Physical,86%,-96.6,0,,mV,0,Final,
FRU08WM172,Groundwater,(WM) Well - Monitoring,FR-M-172,(FRU) Front Range Urban GW,No Direct Use (WM),7/1/24,ORP - Oxidation-Reduction Potential,Physical,86%,-37.4,0,,mV,0,Final,
FRU08WM167,Groundwater,(WM) Well - Monitoring,FR-M-167,(FRU) Front Range Urban GW,No Direct Use (WM),7/2/24,ORP - Oxidation-Reduction Potential,Physical,86%,265.3,0,,mV,0,Final,