wqpNames,cogccNames,cdaNames,newNames
Actinum-228,228ACTINUM,,228Ac_pCi_L
Alpha particle,GROSS ALPHA,,GrossA_pCi_L
Aluminum,ALUMINUM,Al - Aluminum,Al_mg_L
Amercium-241,241Americium,,241Am_pCi_L
Ammonia,AMMONIA,NH3 - Ammonia,NH3_mg_L
Ammonium,AMMONIUM,NH4 - Ammonium,NH4_mg_L
Ammonia and ammonium,AMMONIA AND AMMONIUM,,NH3_NH4_mg_L
Ammonia-nitrogen,,NH3N - Ammonia (un-ionized) as Nitrogen,NH3_N_mg_L
Antimony,ANTIMONY,Sb - Antimony,Sb_mg_L
Argon,ARGON,Ar - Argon,Ar_mg_L
Arsenic,ARSENIC,As - Arsenic,As_mg_L
Barium,BARIUM,Ba - Barium,Ba_mg_L
Beryllium,BERYLLUM,Be - Beryllium,Be_mg_L
Beta particle,GROSS BETA,,GrossB_pCi_L
Bicarbonate,BICARBONATE,HCO3 - Bicarbonate,HCO3_mg_L
Bismuth,BISMUTH,Bi - Bismuth,Bi_mg_L
Bismuth-212,212BISMUTH,,212Bi_pCi_L
Bismuth-214,214BISMUTH,,214Bi_pCi_L
Boron,BORON,B - Boron,B_mg_L
Bromide,BROMIDE,Br - Bromide,Br_mg_L
Cadmium,CADMIUM,Cd - Cadmium,Cd_mg_L
Calcium,CALCIUM,Ca - Calcium,Ca_mg_L
Hardness (CaCO3),,Hardness_CaCO3 - Hardness (CaCO3),Hardness_mg_L
Alkalinity,,Alkalinity_CaCO3 - Alkalinity (CaCO3),Alk_mg_L_CaCO3
"Alkalinity, total",,,Alk_mg_L_total
Carbon dioxide,Carbon Dioxide,CO2 - Carbon Dioxide,CO2_mg_L
Carbon-14,,,14C_pCi_L
Carbonate,CARBONATE,CO3 - Carbonate,CO3_mg_L
Cerium,CERIUM,Ce - Cerium,Ce_mg_L
Cesium,cesium,Cs - Caesium,Cs_mg_L
Cesium-137,137Cesium,,137Cs_pCi_L
Chloride,CHLORIDE,Cl - Chloride,Cl_mg_L
Chromium,CHROMIUM,Cr - Chromium,Cr_mg_L
Cobalt,COBALT,Co - Cobalt,Co_mg_L
Cobalt-60,60Cobalt,,60Co_pCi_L
Copper,COPPER,Cu - Copper,Cu_mg_L
Dysprosium,DYSPROSIUM,Dy - Dysprosium,Dy_mg_L
Erbium,ERBIUM,Er - Erbium,Er_mg_L
Europium,EUROPIUM,Eu - Europium,Eu_mg_L
Ferrous ion,IONFERROUS,,Fe2+_mg_L
Fluoride,FLUORIDE,F - Fluoride,Fl_mg_L
Gadolinium,GADOLINIUM,Gd - Gadolinium,Gd_mg_L
Gallium,GALLIUM,Ga - Gallium,Ga_mg_L
Germanium,GERMANIUM,Ge - Germanium,Ge_mg_L
Hafnium,HAFNIUM,Hf - Hafnium,Hf_mg_L
Deuterium/Hydrogen ratio,,,2H_H_ratio
Helium,Helium,He - Helium,He_mg_L
Holmium,HOLMIUM,Ho - Holmium,Ho_mg_L
Inorganic nitrogen (nitrate and nitrite),NITRITEANDNITRATENITROGENINORGANIC,,NO3_NO2_mg_L
Iodide,IODIDE,I - Iodide,I_mg_L
Iron,IRON,Fe - Iron,Fe_mg_L
,"IRON, FIELD",,Febad
Iron-59,59IRON,,59Fe_pCi_L
Kjeldahl nitrogen,NITROGENKJELDAHL,TN_Kjeldahl - Total Kjeldahl Nitrogen,TKN_mg_L
Lanthanum,LANTHANUM,,La_mg_L
Lead,LEAD,Pb - Lead,Pb_mg_L
Lead-210,210LEAD,,210Pb_pCi_L
Lead-212,212LEAD,,212Pb_pCi_L
Lead-214,214LEAD,,214Pb_pCi_L
Lithium,LITHIUM,Li - Lithium,Li_mg_L
Lutetium,LUTETIUM,Lu - Lutetium,Lu_mg_L
Magnesium,MAGNESIUM,Mg - Magnesium,Mg_mg_L
Manganese,MANGANESE,Mn - Manganese,Mn_mg_L
Mercury,MERCURY,Hg - Mercury,Hg_mg_L
Molybdenum,MOLYBDENUM,Mo - Molybdenum,Mo_mg_L
Neodymium,NEODYMIUM,Nd - Neodymium,Nd_mg_L
Nickel,NICKEL,Ni - Nickel,Ni_mg_L
Niobium,,,Nb_mg_L
Nitrate,NITRATE,NO3N - Nitrate as Nitrogen (NO3-N),NO3_mg_L
Inorganic nitrogen (nitrate and nitrite),,,NO2_NO3_mg_L
Nitrate + Nitrite,NITRATE/NITRITE,,NO2_NO3_mg_L
Nitrite,NITRITE,NO2N - Nitrite as Nitrogen (NO2-N),NO2_mg_L
Orthophosphate,ORTHOPHOSPHATE,Orthophosphate_P - Dissolved Orthophosphate as P,O_PO4_mg_L
Oxygen,OXYGEN (O2),DO_mgL - DO (mg/L),DO_mg_L
Phosphate-phosphorus,PHOSPHORUSPHOSPHATE,,PO4_P_mg_L
"Total Phosphorus, mixed forms",,TP_Color - Total Phosphorus Color,P_total_mixed_mg_L
Phosphorus,PHOSPHORUS,,P_mg_L
Polonium-210,210Polonium,,210Po_pCi_L
Potassium,POTASSIUM,K - Potassium,K_mg_L
Potassium-40,40POTASSIUM,,40K_pCi_L
Praseodymium,PRASEODYMIUM,Pr - Praseodymium,Pr_mg_L
Protactinium-234,"234PROTACTINIUM, METASTABLE",,234Pa_pCi_L
Radium-224,224Radium isotope,,224Ra_pCi_L
Radium-226,226RADIUM,,226Ra_pCi_L
Radium-228,228RADIUM,,228Ra_pCi_L
Radon-222,222Radon,,222Rn_pCi_L
Rubidium,RUBIDIUM,Rb - Rubidium,Rb_mg_L
Samarium,SAMARIUM,Sm - Samarium,Sm_mg_L
Scandium,SCANDIUM,Sc - Scandium,Sc_mg_L
Selenium,SELENIUM,Se - Selenium Total,Se_mg_L
Selenium Dissolved,,,Se_diss_mg_L
,,TSP_Color - Total Soluble Phosphorus Color,TSP_mg_L
Silicon,SILICON (Si),Si - Silicon,Si_mg_L
Silver,SILVER,Ag - Silver,Ag_mg_L
Sodium,SODIUM,Na - Sodium,Na_mg_L
Sodium plus potassium,POTASSIUMPLUSSODIUM,,Na_K_mg_L
Strontium,STRONTIUM,Sr - Strontium,Sr_mg_L
Sulfate,SULFATE,SO4 - Sulfate,SO4_mg_L
Sulfite,SULFITE,SO3 - Sulfite,SO3_mg_L
Sulfide,SULFIDE,S2 - Sulfide,S2-_mg_L
Sulfur,SULFUR,S - Sulfur,S_mg_L
Tantalum,,Ta - Tantalum,Ta_mg_L
Tellurium,,Te - Tellurium,Te_mg_L
"Temperature, sample",,,Temp_C
"Temperature, water",,WaterT - Water Temperature,Temp_C
Terbium,TERBIUM,Tb - Terbium,Tb_mg_L
Thallium,THALLIUM,Tl - Thallium,Tl_mg_L
Thorium-232,232THORIUM,,232Th_pCi_L
Thorium-234,234THORIUM,,234Th_pCi_L
Thulium,THULIUM,Tm - Thulium,Tm_mg_L
Tin,TIN,Sn - Tin,Sn_mg_L
Titanium,TITANIUM,Ti - Titanium,Ti_mg_L
Titanium-208,208TITANIUM,,208Ti_pCi_L
Tritium,TRITIUM IN WATER,,3H_pCi_L
Tungsten,TUNGSTEN,W - Tungsten,W_mg_L
Uranium,URANIUM,U - Uranium,U_mg_L
Uranium-234,234URANIUM,,234U_pCi_L
Uranium-235,235URANIUM,,235U_pCi_L
Uranium-238,238Uranium,,238U_pCi_L
Vanadium,VANADIUM,V - Vanadium,V_mg_L
Ytterbium,YTTERBIUM,Yb - Ytterbium,Yb_mg_L
Yttrium,YTTRIUM,Y - Yttrium,Y_mg_L
Zinc,ZINC,Zn - Zinc,Zn_mg_L
Zirconium,,,Zr_mg_L
pH,pH,pH (Lab) - pH (Lab),pH
"pH, Field","pH, FIELD",pH (Field) - pH (Field),pH_field
Specific conductance,,,SpC_uS_cm
Specific Conductance,,ECs (Field) - Specific Conductance (Field),SpC_uS_cm
,,TDS (Field) - Total Dissolved Solids (Field),TDS_field_mg_L
Total dissolved solids,,TDS (Lab) - Total Dissolved Solids (Lab),TDS_mg_L
"Hardness, Ca, Mg",,,Hardness_Ca_Mg
"Hardness, non-carbonate",,,Hardness_nonCarb
,,ORP - Oxidation-Reduction Potential,ORP_uS_cm
,,ECs (Lab) - Specific Conductance (Lab),SpC_uS_cm_lab
,,SWL - Static Water Level,SWL_ft
,,Sal - Salinity (Field),Sal_mg_L
,,Turb - Turbidity,Turb_mg_L
,,Se (Dissolved) - Selenium Dissolved,Se_diss_mg_L
