wqpNames,cogccNames,cdaNames,newNames
Actinum-228,228ACTINUM,,228Ac_pCi_L
Alpha particle,GROSS ALPHA,,GrossA_pCi_L
Aluminum,ALUMINUM,Aluminum,Al_mg_L
Amercium-241,241Americium,,241Am_pCi_L
Ammonia,AMMONIA,Ammonia,NH3_mg_L
Ammonium,AMMONIUM,Ammonium,NH4_mg_L
Ammonia and ammonium,AMMONIA AND AMMONIUM,,NH3_NH4_mg_L
Ammonia-nitrogen,,,NH3_N_mg_L
Antimony,ANTIMONY,Antimony,Sb_mg_L
Argon,ARGON,Argon,Ar_mg_L
Arsenic,ARSENIC,Arsenic,As_mg_L
Barium,BARIUM,Barium,Ba_mg_L
Beryllium,BERYLLUM,Beryllium,Be_mg_L
Beta particle,GROSS BETA,,GrossB_pCi_L
Bicarbonate,BICARBONATE,Bicarbonate,HCO3_mg_L
Bismuth,BISMUTH,Bismuth,Bi_mg_L
Bismuth-212,212BISMUTH,,212Bi_pCi_L
Bismuth-214,214BISMUTH,,214Bi_pCi_L
Boron,BORON,Boron,B_mg_L
Bromide,BROMIDE,Bromide,Br_mg_L
Cadmium,CADMIUM,Cadmium,Cd_mg_L
Calcium,CALCIUM,Calcium,Ca_mg_L
Hardness (CaCO3),,Hardness (CaCO3),Hardness_mg_L
Alkalinity,,Alkalinity (CaCO3),Alk_mg_L_CaCO3
"Alkalinity, total",,,Alk_mg_L_total
Carbon dioxide,Carbon Dioxide,,CO2_mg_L
Carbon-14,,,14C_pCi_L
Carbonate,CARBONATE,Carbonate,CO3_mg_L
Cerium,CERIUM,Cerium,Ce_mg_L
Cesium,cesium,Caesium,Cs_mg_L
Cesium-137,137Cesium,,137Cs_pCi_L
Chloride,CHLORIDE,Chloride,Cl_mg_L
Chromium,CHROMIUM,Chromium,Cr_mg_L
Cobalt,COBALT,Cobalt,Co_mg_L
Cobalt-60,60Cobalt,,60Co_pCi_L
Copper,COPPER,Copper,Cu_mg_L
Dysprosium,DYSPROSIUM,,Dy_mg_L
Erbium,ERBIUM,Erbium,Er_mg_L
Europium,EUROPIUM,Europium,Eu_mg_L
Ferrous ion,IONFERROUS,,Fe2+_mg_L
Fluoride,FLUORIDE,Fluoride,Fl_mg_L
Gadolinium,GADOLINIUM,Gadolinium,Gd_mg_L
Gallium,GALLIUM,Gallium,Ga_mg_L
Germanium,GERMANIUM,Germanium,Ge_mg_L
Hafnium,HAFNIUM,Hafnium,Hf_mg_L
Deuterium/Hydrogen ratio,,,2H_H_ratio
Helium,Helium,Helium,He_mg_L
Holmium,HOLMIUM,Holmium,Ho_mg_L
Inorganic nitrogen (nitrate and nitrite),NITRITEANDNITRATENITROGENINORGANIC,,NO3_NO2_mg_L
Iodide,IODIDE,Iodide,I_mg_L
Iron,IRON,Iron,Fe_mg_L
,"IRON, FIELD",,Febad
Iron-59,59IRON,,59Fe_pCi_L
Kjeldahl nitrogen,NITROGENKJELDAHL,,TKN_mg_L
Lanthanum,LANTHANUM,,La_mg_L
Lead,LEAD,Lead,Pb_mg_L
Lead-210,210LEAD,,210Pb_pCi_L
Lead-212,212LEAD,,212Pb_pCi_L
Lead-214,214LEAD,,214Pb_pCi_L
Lithium,LITHIUM,Lithium,Li_mg_L
Lutetium,LUTETIUM,Lutetium,Lu_mg_L
Magnesium,MAGNESIUM,Magnesium,Mg_mg_L
Manganese,MANGANESE,Manganese,Mn_mg_L
Mercury,MERCURY,Mercury,Hg_mg_L
Molybdenum,MOLYBDENUM,Molybdenum,Mo_mg_L
Neodymium,NEODYMIUM,Neodymium,Nd_mg_L
Nickel,NICKEL,Nickel,Ni_mg_L
Niobium,,,Nb_mg_L
Nitrate,NITRATE,,NO3_mg_L
Inorganic nitrogen (nitrate and nitrite),,,NO2_NO3_mg_L
Nitrate + Nitrite,NITRATE/NITRITE,,NO2_NO3_mg_L
Nitrite,NITRITE,,NO2_mg_L
Orthophosphate,ORTHOPHOSPHATE,Dissolved Orthophosphate,O_PO4_mg_L
Oxygen,OXYGEN (O2),Oxygen,DO_mg_L
Phosphate-phosphorus,PHOSPHORUSPHOSPHATE,,PO4_P_mg_L
"Total Phosphorus, mixed forms",,,P_total_mixed_mg_L
Phosphorus,PHOSPHORUS,,P_mg_L
Polonium-210,210Polonium,,210Po_pCi_L
Potassium,POTASSIUM,Potassium,K_mg_L
Potassium-40,40POTASSIUM,,40K_pCi_L
Praseodymium,PRASEODYMIUM,Praseodymium,Pr_mg_L
Protactinium-234,"234PROTACTINIUM, METASTABLE",,234Pa_pCi_L
Radium-224,224Radium isotope,,224Ra_pCi_L
Radium-226,226RADIUM,,226Ra_pCi_L
Radium-228,228RADIUM,,228Ra_pCi_L
Radon-222,222Radon,,222Rn_pCi_L
Rubidium,RUBIDIUM,Rubidium,Rb_mg_L
Samarium,SAMARIUM,Samarium,Sm_mg_L
Scandium,SCANDIUM,Scandium,Sc_mg_L
Selenium,SELENIUM,Selenium Total,Se_mg_L
Selenium Dissolved,,,Se_diss_mg_L
,,,
Silicon,SILICON (Si),Silicon,Si_mg_L
Silver,SILVER,Silver,Ag_mg_L
Sodium,SODIUM,Sodium,Na_mg_L
Sodium plus potassium,POTASSIUMPLUSSODIUM,,Na_K_mg_L
Strontium,STRONTIUM,Strontium,Sr_mg_L
Sulfate,SULFATE,Sulfate,SO4_mg_L
Sulfite,SULFITE,Sulfite,SO3_mg_L
Sulfide,SULFIDE,Sulfide,S2-_mg_L
Sulfur,SULFUR,Sulfur,S_mg_L
Tantalum,,,Ta_mg_L
Tellurium,,,Te_mg_L
"Temperature, sample",,,Temp_C
"Temperature, water",,,Temp_C
Terbium,TERBIUM,Terbium,Tb_mg_L
Thallium,THALLIUM,Thallium,Tl_mg_L
Thorium-232,232THORIUM,,232Th_pCi_L
Thorium-234,234THORIUM,,234Th_pCi_L
Thulium,THULIUM,Thulium,Tm_mg_L
Tin,TIN,Tin,Sn_mg_L
Titanium,TITANIUM,Titanium,Ti_mg_L
Titanium-208,208TITANIUM,,208Ti_pCi_L
Tritium,TRITIUM IN WATER,,3H_pCi_L
Tungsten,TUNGSTEN,Tungsten,W_mg_L
Uranium,URANIUM,Uranium,U_mg_L
Uranium-234,234URANIUM,,234U_pCi_L
Uranium-235,235URANIUM,,235U_pCi_L
Uranium-238,238Uranium,,238U_pCi_L
Vanadium,VANADIUM,Vanadium,V_mg_L
Ytterbium,YTTERBIUM,Ytterbium,Yb_mg_L
Yttrium,YTTRIUM,Yttrium,Y_mg_L
Zinc,ZINC,Zinc,Zn_mg_L
Zirconium,,,Zr_mg_L
pH,pH,pH (Lab),pH
"pH, Field","pH, FIELD",pH_field,pH_field
Specific conductance,,,SpC_uS_cm
Specific Conductance,,Specific Conductance (Field),SpC_uS_cm
,,Total Dissolved Solids (Field),TDS_field_mg_L
Total dissolved solids,,Total Dissolved Solids (Lab),TDS_mg_L
"Hardness, Ca, Mg",,,Hardness_Ca_Mg
"Hardness, non-carbonate",,,Hardness_nonCarb
